ecotype,treat,gen,trait,Estimate,Std.Error,df,tvalue,Pvalue
aaCol-0,Drought,Anc,flt,-1.41666666666645,3.28955204662446,205.999999999756,-0.430656407494796,0.667168466452665
Abd-0,Drought,Anc,flt,-0.0277777777777652,3.95354952580401,205.999999998828,-0.0070260351100866,0.994400880554817
Ang-0,Drought,Anc,flt,-0.833333333333338,3.28955204662447,205.999999999757,-0.253327298526391,0.800267938262021
Dja-1,Drought,Anc,flt,0.33333333333332,3.50199557725469,205.999999998857,0.095183824759319,0.924261342560545
En-1,Drought,Anc,flt,-0.26666666666667,3.50199557725469,205.999999998857,-0.0761470598074592,0.939376001699518
Fei-0,Drought,Anc,flt,2.99999999999999,3.28955204662447,205.999999999757,0.911978274695001,0.362846153235376
Kar-1,Drought,Anc,flt,-0.333333333333341,3.28955204662447,205.999999999757,-0.101330919410558,0.919386331009315
Ler-0,Drought,Anc,flt,-0.651515151515155,3.33902177061586,205.999999999779,-0.195121564420045,0.845490092891399
Olympia-2,Drought,Anc,flt,-1.5,3.28955204662447,205.999999999757,-0.455989137347503,0.648878121904523
Sap-0,Drought,Anc,flt,-3.75000000000001,3.50199557725469,205.999999998857,-1.07081802854238,0.285504250898043
Tol-0,Drought,Anc,flt,6.60000000000001,5.09615211722363,205.999999999426,1.2950947789988,0.196737094930791
TRE-1,Drought,Anc,flt,11.7454545454545,3.54850485983983,206.000000000847,3.30997279400223,0.00110145409440595
Tri-0,Drought,Anc,flt,-5.54545454545455,3.33902177061586,205.999999999779,-1.66080215297061,0.0982744306032536
Ws-2,Drought,Anc,flt,-1.50000000000001,3.28955204662447,205.999999999757,-0.455989137347504,0.648878121904523
aaCol-0,Salt1,Anc,flt,-0.722132452828977,3.02148362338576,196.6615283304,-0.238999294002389,0.811355009355101
Abd-0,Salt1,Anc,flt,-3.36382585248824,3.3701402124366,201.516180511653,-0.998126380639872,0.319415092124459
Ang-0,Salt1,Anc,flt,-4.13879911949569,3.02148362338576,196.661528308259,-1.36979035314377,0.172314286625367
Dja-1,Salt1,Anc,flt,-4.6950096610618,3.21642789248353,199.737166535656,-1.45969684942528,0.145944392287006
En-1,Salt1,Anc,flt,1.19453421383764,3.02148362338576,196.661528328598,0.395346909906166,0.693015387212059
Fei-0,Salt1,Anc,flt,-5.2950096610618,3.21642789248353,199.737166478502,-1.64623919393179,0.101287066478403
Kar-1,Salt1,Anc,flt,-0.305465786162356,3.02148362338576,196.661528373389,-0.101097945326628,0.919575705015946
Ler-0,Salt1,Anc,flt,-1.05456911503161,3.06773481470893,198.950753225418,-0.343761497889339,0.731388684200897
Olympia-2,Salt1,Anc,flt,3.69453421383765,3.02148362338576,196.661528395696,1.22275500196082,0.222885553373155
Sap-0,Salt1,Anc,flt,0.444534213837646,3.02148362338576,196.661528353294,0.147124482289769,0.883184483530312
Tol-0,Salt1,Anc,flt,-5.90000563786969,3.31194207095627,204.155279801304,-1.78143382688036,0.0763282347195053
TRE-1,Salt1,Anc,flt,0.820168334091223,3.06773481470893,198.950753283544,0.267353074378772,0.789474269958721
Tri-0,Salt1,Anc,flt,-6.19875758761818,3.06599509389363,196.050776674253,-2.02177674712001,0.044558663671257
Ws-2,Salt1,Anc,flt,1.19453421383764,3.02148362338576,196.66152836941,0.395346909906164,0.693015387211971
aaCol-0,Salt2,Anc,flt,-1.91666666666673,2.9485865012341,205.000000001417,-0.650028976889277,0.51640126366576
Abd-0,Salt2,Anc,flt,-7.27777777777778,4.61003219819701,205.000000002078,-1.57868263493347,0.115950652478651
Ang-0,Salt2,Anc,flt,0.200000000000002,3.13901003544556,204.999999999926,0.0637143550806183,0.949259757488608
Dja-1,Salt2,Anc,flt,-5.33333333333334,2.94858650123409,205.000000001417,-1.80877628351793,0.071950936629618
En-1,Salt2,Anc,flt,0.333333333333334,2.94858650123409,205.000000001417,0.113048517719871,0.910102717425502
Fei-0,Salt2,Anc,flt,-2.06666666666666,3.13901003544556,204.999999999926,-0.658381669166381,0.511031631581588
Kar-1,Salt2,Anc,flt,0.166666666666667,2.94858650123409,205.000000001417,0.0565242588599352,0.954979224222187
Ler-0,Salt2,Anc,flt,0.0151515151515128,2.99292863606382,204.999999999356,0.00506243783060576,0.99596569921278
Olympia-2,Salt2,Anc,flt,2.83333333333333,2.94858650123409,205.000000001417,0.960912400618899,0.33772822330951
Sap-0,Salt2,Anc,flt,3.65,3.13901003544556,204.999999999926,1.16278698022127,0.246267731222554
Tol-0,Salt2,Anc,flt,-7.89999999999998,3.88199451516664,205.000000000581,-2.03503636317242,0.0431344518612712
TRE-1,Salt2,Anc,flt,-0.254545454545455,3.1806985817488,205.000000002631,-0.0800281598533307,0.936292929300373
Tri-0,Salt2,Anc,flt,-6.87878787878787,2.99292863606382,204.999999999356,-2.29834677509537,0.0225504206265819
Ws-2,Salt2,Anc,flt,-1.66666666666666,2.94858650123409,205.000000001417,-0.565242588599352,0.572526848265707
aaCol-0,Cd1,Anc,flt,1.10520722589566,3.0200200932475,202.778279101508,0.365960222704084,0.71477625868165
Abd-0,Cd1,Anc,flt,8.30971081001205,4.02903642574448,204.084210440852,2.06245611405129,0.040430712222326
Ang-0,Cd1,Anc,flt,6.52187389256231,3.0200200932475,202.778279025113,2.15954652326474,0.0319815226102966
Dja-1,Cd1,Anc,flt,-2.57422044645396,3.21595079436521,203.44202838426,-0.800453928264186,0.424381594255542
En-1,Cd1,Anc,flt,-0.144792774104357,3.0200200932475,202.778279035363,-0.0479443081945384,0.961807814299
Fei-0,Cd1,Anc,flt,2.18854055922897,3.0200200932475,202.778279007096,0.72467748281621,0.469485252959503
Kar-1,Cd1,Anc,flt,0.0218738925623086,3.0200200932475,202.778279029966,0.00724296259194323,0.99422812310533
Ler-0,Cd1,Anc,flt,-1.4289972933979,3.06636835448193,203.571537704733,-0.466022710973136,0.641697489109105
Olympia-2,Cd1,Anc,flt,-1.81145944077103,3.0200200932475,202.778279029334,-0.59981701605936,0.549297851597719
Sap-0,Cd1,Anc,flt,-1.39479277410437,3.0200200932475,202.778279007142,-0.461848839093157,0.644684818900104
Tol-0,Cd1,Anc,flt,4.3548896424374,3.57645290883547,204.742019415211,1.21765608367968,0.224756173429752
TRE-1,Cd1,Anc,flt,4.77660452715118,3.5300234485166,204.886875460713,1.35313677000033,0.177503066897933
Tri-0,Cd1,Anc,flt,2.94220482958065,3.25818090344133,203.047744091348,0.903020709032165,0.367584929584867
Ws-2,Cd1,Anc,flt,1.52187389256231,3.0200200932475,202.778279034362,0.503928399670281,0.614858744486013
aaCol-0,Cd2,Anc,flt,-1.9166666666667,3.39888921917415,208.999999998184,-0.563909719638467,0.573420166767134
Abd-0,Cd2,Anc,flt,-8.77777777777778,3.58274381572719,208.999999997405,-2.4500154711721,0.0151075203421437
Ang-0,Cd2,Anc,flt,-3.33333333333334,3.39888921917415,208.999999998184,-0.980712555892968,0.327868383956403
Dja-1,Cd2,Anc,flt,1.83333333333333,3.39888921917415,208.999999998184,0.539391905741131,0.590190625029734
En-1,Cd2,Anc,flt,-1.16666666666667,3.39888921917415,208.999999998184,-0.34324939456254,0.731755868059821
Fei-0,Cd2,Anc,flt,-1.83333333333334,3.39888921917415,208.999999998184,-0.539391905741133,0.590190625029733
Kar-1,Cd2,Anc,flt,-1.16666666666667,3.39888921917415,208.999999998184,-0.343249394562539,0.731755868059821
Ler-0,Cd2,Anc,flt,-0.484848484848486,3.4500032034391,208.999999997919,-0.140535662217696,0.888372128393736
Olympia-2,Cd2,Anc,flt,0.833333333333335,3.39888921917415,208.999999998184,0.245178138973242,0.806559072226692
Sap-0,Cd2,Anc,flt,4.25,3.92469921127183,208.999999999265,1.08288553369744,0.280106973118063
Tol-0,Cd2,Anc,flt,0.100000000000001,4.4748455915981,208.999999997457,0.0223471397957862,0.982192366897331
TRE-1,Cd2,Anc,flt,2.74545454545454,3.66644903055201,208.999999998246,0.748804776113632,0.454816764316475
Tri-0,Cd2,Anc,flt,1.45454545454544,3.4500032034391,208.999999999436,0.421606986653081,0.673745211895782
Ws-2,Cd2,Anc,flt,-3.33333333333334,3.61839388598229,208.99999999874,-0.921219037608569,0.357998213986108
aaCol-0,Nutrient1,Anc,flt,-0.0833333333333224,3.04044634107007,208.999999998682,-0.0274082565469626,0.978160265661203
Abd-0,Nutrient1,Anc,flt,1.55555555555555,4.0539284547601,208.999999999611,0.383715591657526,0.701579314088217
Ang-0,Nutrient1,Anc,flt,-6.16666666666666,3.04044634107007,208.999999998681,-2.0282109844755,0.0438076058036131
Dja-1,Nutrient1,Anc,flt,3.93333333333334,3.23680230268237,209.000000000135,1.21519109464107,0.225664196857052
En-1,Nutrient1,Anc,flt,0.333333333333339,3.04044634107007,208.999999998681,0.109633026187867,0.912805611309192
Fei-0,Nutrient1,Anc,flt,-3.16666666666666,3.04044634107007,208.999999998681,-1.04151374878471,0.298840461212297
Kar-1,Nutrient1,Anc,flt,0.166666666666675,3.04044634107007,208.999999998681,0.0548165130939352,0.956337008758645
Ler-0,Nutrient1,Anc,flt,0.0151515151515223,3.08616990439163,208.999999999515,0.00490948833697123,0.996087493679622
Olympia-2,Nutrient1,Anc,flt,0.166666666666672,3.04044634107007,208.999999998681,0.0548165130939341,0.956337008758646
Sap-0,Nutrient1,Anc,flt,3.91666666666667,3.04044634107007,208.999999998681,1.28818805770741,0.199104840175102
Tol-0,Nutrient1,Anc,flt,1.30000000000001,3.33064209177625,208.999999998812,0.390315129689216,0.696701053281808
TRE-1,Nutrient1,Anc,flt,-1.45454545454545,3.2797896079621,208.999999998841,-0.443487427063723,0.65787196255455
Tri-0,Nutrient1,Anc,flt,-5.04545454545454,3.08616990439163,208.999999999145,-1.63485961621064,0.103583719231883
Ws-2,Nutrient1,Anc,flt,0.0666666666666774,3.23680230268237,209.000000000135,0.0205964592312079,0.983587214740047
aaCol-0,Nutrient2,Anc,flt,-2.4166666666666,3.0297066797574,208.999999999516,-0.797656975446915,0.425974899355844
Abd-0,Nutrient2,Anc,flt,-2.27777777777777,3.64125426116035,208.999999999669,-0.625547576304631,0.532294199107338
Ang-0,Nutrient2,Anc,flt,-5.5,3.0297066797574,208.999999999516,-1.81535725446544,0.0709022981222222
Dja-1,Nutrient2,Anc,flt,3.93333333333333,3.22536906013593,209.000000000225,1.21949868681619,0.22402941486212
En-1,Nutrient2,Anc,flt,-0.333333333333336,3.0297066797574,208.999999999516,-0.110021651785785,0.91249777469265
Fei-0,Nutrient2,Anc,flt,0.833333333333332,3.0297066797574,208.999999999516,0.275054129464461,0.783546371171845
Kar-1,Nutrient2,Anc,flt,-0.500000000000002,3.0297066797574,208.999999999516,-0.165032477678677,0.869077930831908
Ler-0,Nutrient2,Anc,flt,-1.15151515151515,3.07526873534983,209.000000000737,-0.374443748046676,0.708453835117182
Olympia-2,Nutrient2,Anc,flt,1.5,3.0297066797574,208.999999999516,0.49509743303603,0.621051446291091
Sap-0,Nutrient2,Anc,flt,4.75,3.0297066797574,208.999999999516,1.56780853794743,0.118438590946995
Tol-0,Nutrient2,Anc,flt,-0.900000000000002,4.69360140583751,208.999999999706,-0.191750411289859,0.848123881686224
TRE-1,Nutrient2,Anc,flt,2.54545454545454,3.07526873534983,208.99999999848,0.827717758840021,0.408774473471823
Tri-0,Nutrient2,Anc,flt,-5.21212121212122,3.07526873534983,209.000000000737,-1.69485064905338,0.0915931321107927
Ws-2,Nutrient2,Anc,flt,-2.33333333333332,3.0297066797574,208.999999999516,-0.770151562500487,0.442079633157354
aaCol-0,Leaf,Anc,flt,-0.18317132101099,3.22689838505188,203.414755302588,-0.0567638949709428,0.954788993508026
Abd-0,Leaf,Anc,flt,4.27300826758425,4.74259776055877,204.857147860203,0.900984752095192,0.368654423374779
Ang-0,Leaf,Anc,flt,0.144962058829719,3.03033390089607,202.775700408974,0.0478369920842233,0.961893236767034
Dja-1,Leaf,Anc,flt,5.97829539216305,3.03033390089607,202.775700377247,1.97281738173977,0.049875199680022
En-1,Leaf,Anc,flt,0.644962058829718,3.03033390089607,202.775700398413,0.212835311197556,0.831669233022866
Fei-0,Leaf,Anc,flt,5.81162872549638,3.03033390089607,202.775700369712,1.91781794203532,0.0565391113672382
Kar-1,Leaf,Anc,flt,-0.355037941170285,3.03033390089607,202.775700405856,-0.117161327029111,0.90684817461916
Ler-0,Leaf,Anc,flt,2.00015482461154,3.26929874669332,203.045034613413,0.611799342790123,0.541354954936999
Olympia-2,Leaf,Anc,flt,0.249986471185089,3.22691102641514,203.434837219053,0.0774692791771223,0.938326368974723
Sap-0,Leaf,Anc,flt,9.39496205882971,3.03033390089607,202.77570041344,3.10030589568087,0.00220806178021833
Tol-0,Leaf,Anc,flt,2.56310969909704,3.31944369446711,202.570872103897,0.772150376693919,0.44092526037458
TRE-1,Leaf,Anc,flt,11.835881202619,3.07543205617479,202.319777448756,3.84852631644232,0.000159294725198822
Tri-0,Leaf,Anc,flt,-3.5354943526682,3.27086299729111,204.251088682335,-1.08090566789139,0.281013671290656
Ws-2,Leaf,Anc,flt,0.31162872549639,3.03033390089607,202.775700409021,0.102836431788669,0.918194417842697
aaCol-0,JA,Anc,flt,1.00000000000013,3.7716349337377,123.127880237897,0.265137007575951,0.791347287278366
Abd-0,JA,Anc,flt,-7.82068704088284,5.34886941810319,125.930397666571,-1.46211964240776,0.146199501171977
Ang-0,JA,Anc,flt,-0.499999999999997,3.7716349337377,123.127880167519,-0.132568503787957,0.894751045735068
Dja-1,JA,Anc,flt,7.5,3.7716349337377,123.127880186637,1.98852755681937,0.0489711124220052
En-1,JA,Anc,flt,-0.833333333333335,3.7716349337377,123.127880167519,-0.220947506313263,0.825499281126554
Fei-0,JA,Anc,flt,1.33333333333333,3.7716349337377,123.127880179619,0.35351601010122,0.724306197518733
Kar-1,JA,Anc,flt,-2.16666666666667,3.7716349337377,123.127880188614,-0.574463516414483,0.566702251851028
Ler-0,JA,Anc,flt,-1.42936537276847,3.95772815215427,123.709959318704,-0.361158047702301,0.718597333703822
Olympia-2,JA,Anc,flt,2.95850247748107e-15,3.7716349337377,123.127880186637,7.84408493785262e-16,0.999999999999999
Sap-0,JA,Anc,flt,-2.33333333333333,3.7716349337377,123.127880190205,-0.618653017677135,0.537287799591523
Tol-0,JA,Anc,flt,7.61314675285206,5.00150650126848,125.632252038173,1.52217072014626,0.130479390228339
TRE-1,JA,Anc,flt,-7.84789322268376,3.95776220873178,123.729314372482,-1.98291175891503,0.0495924079871669
Tri-0,JA,Anc,flt,-1.33333333333333,3.7716349337377,123.127880188661,-0.35351601010122,0.724306197518688
Ws-2,JA,Anc,flt,1.62430082664407,3.95775989769756,123.727990679281,0.410409137651075,0.68221566798278
aaCol-0,Drought,Anc,height,-3.80930291036419,3.21696853871283,199.555767269545,-1.18412812078304,0.237770845184717
Abd-0,Drought,Anc,height,-4.0163934943375,3.71900999836916,200.520891727874,-1.07996308052378,0.281455865382878
Ang-0,Drought,Anc,height,1.88113949731051,3.47488618239632,200.877004758308,0.541352838213901,0.588864285514258
Dja-1,Drought,Anc,height,3.38701768805685,3.42659102228711,200.009548160157,0.988451106661733,0.324126029052559
En-1,Drought,Anc,height,-0.55096957703082,3.21696853871283,199.555767230959,-0.171269805843756,0.864185162649895
Fei-0,Drought,Anc,height,-5.73062445471368,3.32362784119089,199.924767043482,-1.72420762147074,0.0862160763567612
Kar-1,Drought,Anc,height,1.46002584500239,3.58682024099643,198.825783261462,0.407052973637951,0.684406954391434
Ler-0,Drought,Anc,height,-1.16095990068548,3.26408929254776,199.05967444357,-0.355676513916475,0.722459462742408
Olympia-2,Drought,Anc,height,-4.62596957703083,3.21696853871283,199.555767241629,-1.4379903071361,0.152003136934687
Sap-0,Drought,Anc,height,-1.34660649695763,3.26771432935837,200.391840950611,-0.412094314628182,0.68071077635305
Tol-0,Drought,Anc,height,-5.6511963652229,3.76027379540688,200.407802432203,-1.50286832095199,0.134447122868123
TRE-1,Drought,Anc,height,-4.91667154162018,3.42663959199091,200.037307875191,-1.43483766227178,0.152894946681228
Tri-0,Drought,Anc,height,-2.73930259870887,3.32361100916635,199.916899759136,-0.824194706045327,0.410811159988875
Ws-2,Drought,Anc,height,-3.68430291036415,3.21696853871283,199.555767259179,-1.14527166368817,0.253468288706611
aaCol-0,Salt1,Anc,height,-5.391666666667,3.28386430809164,202.070902949974,-1.64186646000616,0.102173046956606
Abd-0,Salt1,Anc,height,-14.9573259965249,3.49252998893029,203.755920001641,-4.28266215148696,2.84393454012045e-05
Ang-0,Salt1,Anc,height,-2.71402284266093,3.33239126979758,202.540753236006,-0.814437028226217,0.416351174328573
Dja-1,Salt1,Anc,height,-4.56848012111449,3.78392994295498,205.271776907529,-1.20733739524438,0.228691561518544
En-1,Salt1,Anc,height,-2.45000000000003,3.28386430809163,202.070902966358,-0.746072239940938,0.456490824555845
Fei-0,Salt1,Anc,height,-2.31019996314984,3.59230903680418,204.364185768129,-0.643096108792762,0.520882651997002
Kar-1,Salt1,Anc,height,-1.81871793896677,3.45856304217357,203.546585349078,-0.525859415251189,0.599558328383252
Ler-0,Salt1,Anc,height,-3.70147224263182,3.33239126979758,202.540753240177,-1.11075559349207,0.267990446237908
Olympia-2,Salt1,Anc,height,-10.5583333333334,3.28386430809163,202.070902964598,-3.21521608165021,0.00151765133240947
Sap-0,Salt1,Anc,height,0.841522262491296,3.82615589178465,205.42821167226,0.219939355920697,0.826136788481043
Tol-0,Salt1,Anc,height,-7.54497297820315,3.33243219955624,202.523899274098,-2.26410397163005,0.0246272291163392
TRE-1,Salt1,Anc,height,-13.3833333333334,3.28386430809163,202.07090296406,-4.07548305219434,6.59724429266837e-05
Tri-0,Salt1,Anc,height,-16.5097415712557,3.38971479870416,203.040401048017,-4.87054001639523,2.23576265102445e-06
Ws-2,Salt1,Anc,height,-4.36666666666668,3.28386430809163,202.070902964574,-1.32973419635731,0.185104940119524
aaCol-0,Salt2,Anc,height,-6.75833333333357,3.40508901407564,201.000000000476,-1.98477434962687,0.0485297088734406
Abd-0,Salt2,Anc,height,-23.425,7.08825802575691,201.000000001497,-3.30476118601772,0.00112553295739908
Ang-0,Salt2,Anc,height,-6.06363636363636,3.67313687194383,201.00000000175,-1.65080599363222,0.100339791470286
Dja-1,Salt2,Anc,height,-8.39999999999999,3.40508901407564,201.000000000476,-2.46689586242147,0.0144656343328286
En-1,Salt2,Anc,height,-3.03333333333332,3.40508901407564,201.000000000476,-0.890823505874418,0.374088926617701
Fei-0,Salt2,Anc,height,-7.77,3.7300881266445,201.000000000973,-2.08306070424929,0.0385106969255865
Kar-1,Salt2,Anc,height,-7.45555555555555,3.58927897336539,201.000000000388,-2.0771736080924,0.0390565511528384
Ler-0,Salt2,Anc,height,-5.42727272727272,3.45629623357086,201.00000000077,-1.57025681842831,0.117928223178771
Olympia-2,Salt2,Anc,height,-9.40833333333333,3.40508901407564,201.000000000476,-2.763021258605,0.00625852932899425
Sap-0,Salt2,Anc,height,-13.9018181818182,3.67313687194383,201.00000000175,-3.78472642498109,0.000203055484182372
Tol-0,Salt2,Anc,height,-18.169696969697,4.43573418763815,200.999999999769,-4.09620960163342,6.08657805930156e-05
TRE-1,Salt2,Anc,height,-26.0666666666667,3.62499407166629,200.999999999947,-7.1908163575795,1.24279890970281e-11
Tri-0,Salt2,Anc,height,-27.0766666666667,3.51676081169834,201.000000001872,-7.69931994709376,6.07541449344462e-13
Ws-2,Salt2,Anc,height,-5.79999999999999,3.40508901407564,201.000000000476,-1.70333285738625,0.0900514061136672
aaCol-0,Cd1,Anc,height,0.508333333333404,3.44067348315607,204.649527238155,0.147742392825697,0.882691533343346
Abd-0,Cd1,Anc,height,-10.6524121537917,3.66140494462021,205.369694466041,-2.90937831649667,0.00402036407739364
Ang-0,Cd1,Anc,height,-1.03088514753384,3.70919656388557,205.681179697909,-0.277926804303391,0.781347721434438
Dja-1,Cd1,Anc,height,-1.21666666666665,3.44067348315606,204.649527225108,-0.353612940205715,0.723992990125549
En-1,Cd1,Anc,height,5.99592117954161,3.66140494462021,205.369694464172,1.63760121325874,0.103036194220604
Fei-0,Cd1,Anc,height,-0.71316861164257,3.76674860320707,205.690174010583,-0.189332680985231,0.850018777157539
Kar-1,Cd1,Anc,height,-2.04267228685816,3.62522001960439,205.395710046091,-0.56346160393351,0.573735222227964
Ler-0,Cd1,Anc,height,-2.14544688968023,3.49195549508032,204.890076189207,-0.614396974045879,0.539634677682121
Olympia-2,Cd1,Anc,height,2.40833333333332,3.44067348315607,204.649527224636,0.699959861092137,0.484747283771081
Sap-0,Cd1,Anc,height,0.318252790718256,3.70966070639724,205.523671648034,0.0857902692204264,0.931716659135292
Tol-0,Cd1,Anc,height,-12.2879198467811,3.49198055017805,204.879403459302,-3.51889698989146,0.00053380575224093
TRE-1,Cd1,Anc,height,3.91666666666666,3.44067348315607,204.649527228183,1.13834302668964,0.256308125068709
Tri-0,Cd1,Anc,height,-6.68795059938156,3.76670457766295,205.703909369853,-1.77554423541522,0.077286590340803
Ws-2,Cd1,Anc,height,-1.55000000000001,3.44067348315607,204.649527223446,-0.450493197796328,0.652831747965227
aaCol-0,Cd2,Anc,height,-2.19166666666676,3.55896465004118,198.138711970581,-0.615815800991841,0.538722851102045
Abd-0,Cd2,Anc,height,-15.1583333333333,3.55896465004118,198.138711953894,-4.2591974981145,3.16788200582889e-05
Ang-0,Cd2,Anc,height,-6.60498238920358,3.61092986017018,198.999571600032,-1.82916385667272,0.068871654549464
Dja-1,Cd2,Anc,height,-7.77819777256335,3.78256436113821,201.288819742741,-2.05632925971491,0.0410409198931773
En-1,Cd2,Anc,height,-0.850000000000001,3.55896465004118,198.138711971628,-0.238833504567168,0.81148153388687
Fei-0,Cd2,Anc,height,3.03140501628862,3.88953216947317,202.44965152725,0.779375226686767,0.436668828491814
Kar-1,Cd2,Anc,height,0.200078791955431,3.74612969071753,200.880661180345,0.0534094674968682,0.957458738882609
Ler-0,Cd2,Anc,height,-1.41342485128658,3.83123140093928,201.94313986132,-0.368921817392721,0.712572498655773
Olympia-2,Cd2,Anc,height,-2.15833333333334,3.55896465004118,198.138711966527,-0.606449781204869,0.544910315645997
Sap-0,Cd2,Anc,height,-7.35499216214083,3.83129325780344,201.924530562795,-1.91971526772597,0.0563032967445199
Tol-0,Cd2,Anc,height,-6.3376487753508,3.6109946478172,198.975035578252,-1.75509780364306,0.0807816024862789
TRE-1,Cd2,Anc,height,0.533539982004587,3.78229414148572,201.374791832365,0.141062530317911,0.887961553345569
Tri-0,Cd2,Anc,height,-13.2351987636317,3.6723303861933,199.92422034934,-3.60403269090152,0.000395514915151232
Ws-2,Cd2,Anc,height,-2.59999999999999,3.55896465004118,198.138711966929,-0.730549543381923,0.465917278095903
aaCol-0,Nutrient1,Anc,height,-5.47500000000005,4.11789778926209,208.999999996908,-1.32956189788799,0.185112001406269
Abd-0,Nutrient1,Anc,height,-1.84500000000001,4.11789778926209,208.999999996908,-0.448044146411566,0.654585429614833
Ang-0,Nutrient1,Anc,height,6.48636363636362,3.92626148839853,208.999999994831,1.6520457579124,0.100026782232575
Dja-1,Nutrient1,Anc,height,1.53333333333335,3.86809143576263,208.999999995831,0.396405658655541,0.692210218988107
En-1,Nutrient1,Anc,height,1.83333333333335,3.86809143576263,208.999999995831,0.473963287522931,0.636020843898966
Fei-0,Nutrient1,Anc,height,3.78000000000001,3.99494765661766,208.999999996299,0.9461951256704,0.345141719260675
Kar-1,Nutrient1,Anc,height,-1.48888888888889,4.07732637826694,208.999999996492,-0.365163038412868,0.715358970669058
Ler-0,Nutrient1,Anc,height,-0.393939393939384,3.92626148839853,208.999999994831,-0.100334477238312,0.920174966755865
Olympia-2,Nutrient1,Anc,height,-7.34166666666665,3.86809143576263,208.999999995831,-1.89800752867135,0.0590731966027866
Sap-0,Nutrient1,Anc,height,-4.66181818181818,4.17258674237826,208.999999996405,-1.11724895601837,0.265170586279021
Tol-0,Nutrient1,Anc,height,-5.11969696969698,3.92626148839853,208.999999994831,-1.30396230226256,0.193680764986968
TRE-1,Nutrient1,Anc,height,2.89999999999999,3.86809143576263,208.999999995831,0.749723745718081,0.454264182166156
Tri-0,Nutrient1,Anc,height,-10.55,4.23728186771948,208.999999996468,-2.48980368296293,0.0135610698872157
Ws-2,Nutrient1,Anc,height,5.68333333333333,3.86809143576263,208.999999995831,1.46928619132107,0.143258800404259
aaCol-0,Nutrient2,Anc,height,-2.3839291588708,3.34860730736442,204.031806086679,-0.711916608922149,0.477329637878999
Abd-0,Nutrient2,Anc,height,3.03273750779569,3.34860730736441,204.03180608361,0.905671292398471,0.366178111647265
Ang-0,Nutrient2,Anc,height,3.14632960808369,3.61581738091778,205.459997300605,0.870157222178371,0.385229966920612
Dja-1,Nutrient2,Anc,height,0.251923387002853,3.56639862542586,204.607669930677,0.07063803389975,0.943754832637322
En-1,Nutrient2,Anc,height,3.25773750779571,3.34860730736441,204.031806070939,0.972863405222564,0.33177314967721
Fei-0,Nutrient2,Anc,height,-4.91405821970262,3.45932601869415,204.441738672612,-1.42052474763787,0.156978268024142
Kar-1,Nutrient2,Anc,height,0.300849054712536,3.5296106307131,203.905343155304,0.0852357628613994,0.932157590942804
Ler-0,Nutrient2,Anc,height,0.952611047038005,3.39803543609331,203.529478938836,0.280341704774337,0.779500096105358
Olympia-2,Nutrient2,Anc,height,-1.20026247462877,3.8700656398001,205.134034231353,-0.310140081936897,0.756769288582939
Sap-0,Nutrient2,Anc,height,-3.02682810214855,3.40074762856939,204.898926696436,-0.890047846161951,0.374484023258292
Tol-0,Nutrient2,Anc,height,-10.4336840084458,3.40074565612233,204.897151065432,-3.0680577330628,0.00244564764118102
TRE-1,Nutrient2,Anc,height,-1.65892915887095,3.34860730736441,204.03180606521,-0.495408689822351,0.620844802004245
Tri-0,Nutrient2,Anc,height,1.80175586069196,3.45932256130626,204.43961177719,0.520840664251792,0.603041431713532
Ws-2,Nutrient2,Anc,height,-1.5422624922043,3.34860730736441,204.031806060204,-0.46056833502468,0.645598836831605
aaCol-0,Leaf,Anc,height,-3.02499999999986,3.4805787010044,207.466450293533,-0.86910834658815,0.385792200350358
Abd-0,Leaf,Anc,height,-2.53300985127041,4.01599237096526,208.53917561591,-0.630730742813037,0.528907206404047
Ang-0,Leaf,Anc,height,1.5147792720343,3.53259972729576,207.627678043,0.428800144077992,0.668513224190685
Dja-1,Leaf,Anc,height,0.0833333333333289,3.4805787010044,207.466450317228,0.0239423786938882,0.980921582975055
En-1,Leaf,Anc,height,-7.63333333333334,3.4805787010044,207.466450318927,-2.19312188836028,0.0294099797012193
Fei-0,Leaf,Anc,height,-0.448578447190405,3.59406927292326,207.783780836496,-0.124810740452298,0.900794050306973
Kar-1,Leaf,Anc,height,0.963978406981839,3.66775934329602,207.963970361259,0.262824879375964,0.792945748780644
Ler-0,Leaf,Anc,height,-2.50934340896844,3.53259972729576,207.627678046765,-0.710339014516475,0.478291018647247
Olympia-2,Leaf,Anc,height,-7.00833333333334,3.4805787010044,207.466450320404,-2.01355404815611,0.0453482103155282
Sap-0,Leaf,Anc,height,-0.166941056406427,3.75295708564157,208.151218038718,-0.0444825380618197,0.964562414685355
Tol-0,Leaf,Anc,height,-11.1334630306479,3.53261821843493,207.619867304923,-3.15161796215283,0.00186368689013315
TRE-1,Leaf,Anc,height,-3.11666666666667,3.4805787010044,207.466450326909,-0.895444963151467,0.371587008831962
Tri-0,Leaf,Anc,height,5.30548148307089,3.8108938969023,208.241481946744,1.39218819169526,0.16535036128126
Ws-2,Leaf,Anc,height,-8.51666666666668,3.4805787010044,207.466450326577,-2.44691110251551,0.0152406801293503
aaCol-0,JA,Anc,height,2.45000000000004,4.18359388053922,130.921181849126,0.585620896759763,0.559138429568625
Abd-0,JA,Anc,height,0.53698896491204,4.58267760153192,130.964206215623,0.11717799321788,0.906898517009537
Ang-0,JA,Anc,height,-3.33333333333334,4.18359388053922,130.921181859405,-0.796763124843205,0.427031136324507
Dja-1,JA,Anc,height,-1.56666666666668,4.18359388053922,130.921181862716,-0.374478668676308,0.708654083187064
En-1,JA,Anc,height,-5.89541871739096,4.3876716171416,130.947458876994,-1.34363262153871,0.18139088728859
Fei-0,JA,Anc,height,1.12578266940086,4.38767110752644,130.94755591916,0.25657863632252,0.797906746258953
Kar-1,JA,Anc,height,4.45,4.18359388053922,130.921181861073,1.06367877166568,0.289432199130606
Ler-0,JA,Anc,height,-0.0833333333333342,4.18359388053922,130.921181859827,-0.0199190781210803,0.984138251428349
Olympia-2,JA,Anc,height,-0.815390091501359,4.67713026322918,130.970880784933,-0.174335553130051,0.861870954594869
Sap-0,JA,Anc,height,0.64912733630241,4.38767928830238,130.94598464281,0.147943204972386,0.882615157087915
Tol-0,JA,Anc,height,10.05,4.18359388053922,130.921181862565,2.40224082140226,0.0176985069664306
TRE-1,JA,Anc,height,15.0301051721793,4.38767928830591,130.945984631823,3.42552501780103,0.000820012089026079
Tri-0,JA,Anc,height,-3.32988731255909,4.38767110752644,130.947555930118,-0.758919078243382,0.449264868465379
Ws-2,JA,Anc,height,-0.733333333333325,4.18359388053922,130.921181863849,-0.175287887465503,0.861124239238977
aaCol-0,Drought,Anc,diam,-2.19912856040406,1.18565383317871,148.801984641278,-1.85478130198275,0.0656064261670137
Abd-0,Drought,Anc,diam,-2.46955321033471,0.983381963970228,134.412705467435,-2.51128584905537,0.0132136229119069
Ang-0,Drought,Anc,diam,-0.472598188929931,1.02547202671888,139.23906658024,-0.460859171792395,0.645618664725375
Dja-1,Drought,Anc,diam,0.282883666126137,1.19786487788544,149.116798041011,0.236156574375487,0.813635238668356
En-1,Drought,Anc,diam,-5.12114911313432,1.89083713673595,155.816379866524,-2.70840307377011,0.00751674736455631
Fei-0,Drought,Anc,diam,-0.15912008278133,1.11884098336273,145.575332449944,-0.142218675528928,0.887103920763221
Kar-1,Drought,Anc,diam,-2.41919022027419,1.21198807892921,149.769578921263,-1.99605116777348,0.0477412732486372
Olympia-2,Drought,Anc,diam,-3.9699864507241,1.38966012795225,153.546654389783,-2.85680388382022,0.00487271302254749
Sap-0,Drought,Anc,diam,-3.81366672600961,1.04644153218372,140.874781746849,-3.64441453126504,0.000376010665288074
Tol-0,Drought,Anc,diam,-2.69043682923819,0.940824505846236,130.088787098844,-2.85965853623067,0.00494174662223948
TRE-1,Drought,Anc,diam,-0.408333333333338,0.928217260313723,128.412665937895,-0.43991137720853,0.660740806042344
Tri-0,Drought,Anc,diam,-2.52622713155255,0.955359432156247,132.15933806205,-2.64426879195702,0.00917804731274667
Ws-2,Drought,Anc,diam,-1.07004975150784,1.89088203184416,155.818012512645,-0.565899793581641,0.572275957961203
aaCol-0,Salt1,Anc,diam,-1.8958421706398,1.05970619798356,56.271623423669,-1.78902621712251,0.0789932249697174
Abd-0,Salt1,Anc,diam,-3.37648250186966,0.985350296875177,43.8151289088252,-3.42668238146113,0.00133928834376256
Ang-0,Salt1,Anc,diam,0.142018083743506,1.09398645677902,59.0659422246446,0.129817040113682,0.897152266806177
Dja-1,Salt1,Anc,diam,-2.08915093358887,1.28311472111566,79.1429056956193,-1.62818717547903,0.10745989011659
En-1,Salt1,Anc,diam,-1.26631488584091,1.1179074245314,66.8203033982226,-1.13275469690321,0.261365572736475
Fei-0,Salt1,Anc,diam,-2.63323692468067,1.11585590266911,54.6673144234232,-2.35983599529474,0.0218813046534958
Kar-1,Salt1,Anc,diam,-0.884612618213049,1.17557188918982,69.2150783906808,-0.752495552460602,0.454304734133713
Ler-0,Salt1,Anc,diam,-0.099690920122,1.58359815891528,116.758334760125,-0.0629521571244344,0.949912245474512
Olympia-2,Salt1,Anc,diam,0.330935476569364,1.14285269515134,60.9855503213169,0.289569668928803,0.773127675407689
Sap-0,Salt1,Anc,diam,0.347371040123637,1.19660199968535,70.298242812479,0.290297893714851,0.772442986194151
Tol-0,Salt1,Anc,diam,-3.22942865800971,0.999003402968652,43.1277637121657,-3.23265030770976,0.00235309927422561
TRE-1,Salt1,Anc,diam,-2.009815835203,0.985350296875177,43.8151288624098,-2.03969678760609,0.0474384706883888
Tri-0,Salt1,Anc,diam,-3.30142160236072,1.07503934119624,56.5459326110352,-3.07097747575181,0.00327700350578149
Ws-2,Salt1,Anc,diam,-1.70029051379029,1.3181397651137,78.5839265007912,-1.28991671353123,0.200862705098143
aaCol-0,Salt2,Anc,diam,-2.69076514641956,1.04328318305415,157.089730053754,-2.57913209963042,0.0108220440359518
Abd-0,Salt2,Anc,diam,-2.49232814579021,1.24771313773783,156.394825819192,-1.99751695354346,0.0475032274299549
Ang-0,Salt2,Anc,diam,-1.04267437546344,1.07999086300949,157.190971577684,-0.965447404395565,0.335803737300981
Dja-1,Salt2,Anc,diam,-2.56617274035881,1.05799138162693,156.748246719831,-2.42551384153307,0.0164224869005685
En-1,Salt2,Anc,diam,-1.39274764589845,1.10858174609891,158.127361310854,-1.25633283318936,0.21084821053286
Fei-0,Salt2,Anc,diam,-1.10691656924931,1.09775016784957,155.920066181626,-1.00835017080225,0.314848653466227
Kar-1,Salt2,Anc,diam,-1.13146560345525,1.16248061647748,156.908011126493,-0.973319974042909,0.331892394259634
Olympia-2,Salt2,Anc,diam,-1.25280036135211,0.976134455271817,155.902575255574,-1.28343012029347,0.201245845286701
Sap-0,Salt2,Anc,diam,-0.522470091429562,1.18381819815239,156.885945220378,-0.44134318280036,0.659572220913313
Tol-0,Salt2,Anc,diam,-2.40174577890515,1.03878745400878,156.059274380166,-2.31206660191802,0.0220812735331414
TRE-1,Salt2,Anc,diam,-1.39968452139573,1.02708627312454,156.589364178079,-1.3627721039808,0.174910941848775
Tri-0,Salt2,Anc,diam,-4.48362642816129,1.14490980415065,156.948227580948,-3.91613943029118,0.000133893036714412
Ws-2,Salt2,Anc,diam,0.38841108113784,1.30492322688793,155.981689568353,0.297650523137787,0.766365974086622
aaCol-0,Cd1,Anc,diam,-0.789867442137778,1.05888427787183,132.377783648262,-0.745943120172932,0.457024342474528
Abd-0,Cd1,Anc,diam,-2.13345949223793,0.96330629575769,120.441384386262,-2.21472599279532,0.0286601362682073
Ang-0,Cd1,Anc,diam,-0.581612644690657,1.01154460385004,132.254169213897,-0.574974788533279,0.566285199210843
Dja-1,Cd1,Anc,diam,-2.18497795053866,1.19056756317131,138.233940013264,-1.83524061811204,0.0686194357588194
En-1,Cd1,Anc,diam,-2.01739808970226,1.03818259385134,135.49439757142,-1.94320161178809,0.0540651311001633
Fei-0,Cd1,Anc,diam,-0.462672823520272,0.972954725311332,123.385976362254,-0.475533764813386,0.635247371830007
Kar-1,Cd1,Anc,diam,-0.363210642062598,1.20867279514283,142.057573581626,-0.300503695890399,0.764232307435098
Ler-0,Cd1,Anc,diam,0.242796596534422,1.17118238728473,139.934161920409,0.207308954754111,0.836069960232301
Olympia-2,Cd1,Anc,diam,-0.275307271831103,0.915653456564648,116.691903419474,-0.300667539512166,0.764203053768847
Sap-0,Cd1,Anc,diam,-0.944233280979409,1.03374440646315,131.050873961552,-0.913410776470368,0.36270392760004
Tol-0,Cd1,Anc,diam,-2.20715897801156,0.974640569855099,120.553706028331,-2.26458762981691,0.0253244738382631
TRE-1,Cd1,Anc,diam,-0.0161532406029242,0.903535289683846,116.366243492861,-0.0178778192588098,0.985766941028579
Tri-0,Cd1,Anc,diam,-2.28183518618335,0.992194486434059,125.038109216892,-2.29978619855493,0.0231180607480397
Ws-2,Cd1,Anc,diam,0.918335198978363,1.10432148206463,127.558433907797,0.831583206424143,0.407198243685736
aaCol-0,Cd2,Anc,diam,-1.54912382923356,0.844387812355492,163.318714588226,-1.83461178212905,0.0683827211685869
Abd-0,Cd2,Anc,diam,-1.78243774548315,0.884241195839569,162.861454388033,-2.01578229319067,0.0454668595780401
Ang-0,Cd2,Anc,diam,-2.02400172952225,0.878362673857528,163.625671169689,-2.30428932121328,0.0224635875786865
Dja-1,Cd2,Anc,diam,-1.89800670303867,1.09812934483413,163.06064010265,-1.72839994848271,0.0858095034713088
En-1,Cd2,Anc,diam,-3.21666091403583,0.90287640383354,164.135403782697,-3.56268133753208,0.000480748617281658
Fei-0,Cd2,Anc,diam,-1.1171803627652,0.945414937933262,162.394158490658,-1.18168257972254,0.239059205904565
Kar-1,Cd2,Anc,diam,-1.00939318100051,0.877848285258915,163.387113270666,-1.14984923699293,0.251886244711492
Ler-0,Cd2,Anc,diam,-0.503282678445895,1.3650234672963,163.432870237619,-0.36869892020446,0.712829326585438
Olympia-2,Cd2,Anc,diam,-1.23359238041049,0.841004084547469,162.525489046928,-1.46680902397075,0.144360324729378
Sap-0,Cd2,Anc,diam,0.528316405893662,1.01949788086674,163.194264946696,0.518212362976669,0.605011975658753
Tol-0,Cd2,Anc,diam,-3.03029663090733,0.894845522648099,162.570779696657,-3.38639078389736,0.000888109510195563
TRE-1,Cd2,Anc,diam,-1.00208683028886,0.960767904045981,163.050056586826,-1.04300614755017,0.298489408210678
Tri-0,Cd2,Anc,diam,-3.3205250064071,0.911547587489723,163.221004955723,-3.64273357966025,0.000361976507727482
Ws-2,Cd2,Anc,diam,0.958139708495908,1.01865809999025,162.883095046839,0.940590084646735,0.34830779224687
aaCol-0,Nutrient1,Anc,diam,-2.22701943799841,1.00814295379201,112.765133326957,-2.20903139740425,0.0291942022753016
Abd-0,Nutrient1,Anc,diam,-1.76132786019091,0.996199234486577,112.482551010922,-1.76804779527728,0.0797641759888217
Ang-0,Nutrient1,Anc,diam,0.723477288141794,1.03997747308883,115.165505787314,0.695666307072017,0.488039269985932
Dja-1,Nutrient1,Anc,diam,-5.65218685314649,1.42932729690069,145.317515016474,-3.95443847284139,0.000119440441591666
En-1,Nutrient1,Anc,diam,-0.720132194502753,1.13755224464939,126.876922823671,-0.633054172140207,0.527837652041774
Fei-0,Nutrient1,Anc,diam,-1.26648210733665,1.01130311534476,119.497709277211,-1.2523269118032,0.212896204782262
Kar-1,Nutrient1,Anc,diam,-3.16899773368838,1.23472850534038,134.430510826782,-2.56655428297152,0.011366372518686
Olympia-2,Nutrient1,Anc,diam,-1.42440177174571,1.41969645175054,148.20133505024,-1.00331431411931,0.317344577935241
Sap-0,Nutrient1,Anc,diam,0.923968660352895,1.25442812022832,138.100688569471,0.736565647288522,0.462635922703395
Tol-0,Nutrient1,Anc,diam,-2.29818044786733,1.00956708415029,116.311930504268,-2.27640191914697,0.0246512571156286
TRE-1,Nutrient1,Anc,diam,-1.57955835421496,0.939123042034736,103.581398315962,-1.68195037659031,0.0955910017387114
Tri-0,Nutrient1,Anc,diam,-5.37411403729856,1.02273710655321,114.914434555019,-5.25463875600464,6.91197889949677e-07
Ws-2,Nutrient1,Anc,diam,-2.53449493233665,1.13843105404805,128.97555940816,-2.22630516211276,0.0277294211192421
aaCol-0,Nutrient2,Anc,diam,-0.550337126936416,1.01495137023256,138.042163329226,-0.542230044785611,0.588534292901319
Abd-0,Nutrient2,Anc,diam,1.72499999999998,1.00133959120426,136.219105254888,1.72269229655188,0.0872136002582093
Ang-0,Nutrient2,Anc,diam,0.811993043499266,1.18656354906372,153.341879955046,0.684323266242239,0.494803998443071
Dja-1,Nutrient2,Anc,diam,-0.356490397326274,1.16938641090863,152.244899074052,-0.304852522656968,0.760894823428755
En-1,Nutrient2,Anc,diam,-0.867404842432029,1.12937458519609,149.60156008164,-0.76803998761972,0.443674050216777
Fei-0,Nutrient2,Anc,diam,0.0348458845486453,1.20722544958796,154.776125701087,0.0288644383371295,0.977009892745486
Kar-1,Nutrient2,Anc,diam,-0.439752768170506,1.18636377343662,153.450890069306,-0.370672788580389,0.711392447980093
Ler-0,Nutrient2,Anc,diam,1.27147664399165,1.58444077205076,164.4581065305,0.802476600211416,0.423435445574673
Olympia-2,Nutrient2,Anc,diam,-0.993906260680183,1.15501886881724,151.334570218086,-0.860510843167403,0.390868740036753
Sap-0,Nutrient2,Anc,diam,2.41927603300962,1.53815846564998,163.811426049362,1.57283926658838,0.117685487007995
Tol-0,Nutrient2,Anc,diam,1.77509755611695,1.01507030886285,137.96470326764,1.74874345217084,0.0825594708921601
TRE-1,Nutrient2,Anc,diam,1.15833333333332,1.00133959120426,136.219105262289,1.15678371604208,0.249385318078237
Tri-0,Nutrient2,Anc,diam,1.57254777493452,1.03091901665024,140.142136976053,1.52538438959463,0.129416878049603
Ws-2,Nutrient2,Anc,diam,0.442964318317464,2.04953802948579,164.926297017003,0.21612886023325,0.829154385485833
aaCol-0,Leaf,Anc,diam,0.489527001471288,1.0190199212853,117.468276194616,0.480390021084025,0.631843504242081
Abd-0,Leaf,Anc,diam,-1.70148224839722,1.15127456299979,136.495222828085,-1.47791178844757,0.14173518658491
Ang-0,Leaf,Anc,diam,-1.95191556633157,1.05555835212091,122.684255602325,-1.84917826893191,0.0668391215961597
Dja-1,Leaf,Anc,diam,-0.34149848578717,1.09513940174563,130.554799594005,-0.311831064833233,0.755666353560903
En-1,Leaf,Anc,diam,-1.09660446923465,1.13644495849311,131.779743451605,-0.964942878261975,0.336340870506687
Fei-0,Leaf,Anc,diam,-0.53525555930698,1.08243834184567,132.592203772369,-0.4944905761508,0.6217780698338
Kar-1,Leaf,Anc,diam,-1.64578415225146,1.19526350568665,138.030520703287,-1.37692161136133,0.170765568900361
Ler-0,Leaf,Anc,diam,0.55987011401632,1.395469124114,149.060807296757,0.401205662197498,0.688843267098214
Olympia-2,Leaf,Anc,diam,-2.39684781341091,1.07995779707224,127.652390620718,-2.21939025757186,0.0282261321023583
Sap-0,Leaf,Anc,diam,2.10516285794182,1.55725671582117,158.760663082852,1.35184060312864,0.178349116669149
Tol-0,Leaf,Anc,diam,-0.579247758963316,1.02039729706522,120.886602343757,-0.567668848819278,0.571312627924019
TRE-1,Leaf,Anc,diam,0.0320862333421946,1.00545183263623,116.742213655086,0.0319122530793608,0.974596522490114
Tri-0,Leaf,Anc,diam,-0.638471535813949,1.09511745617853,130.016405022411,-0.583016490342443,0.560892066781051
Ws-2,Leaf,Anc,diam,-0.981602439613212,1.34121757557603,152.209830074718,-0.731874125040174,0.465370754016724
aaCol-0,JA,Anc,diam,1.56666666666665,1.23923116667009,71.6264044553826,1.26422471351846,0.210247963312229
Abd-0,JA,Anc,diam,-1.78860635478648,1.35444869880795,79.9844702121752,-1.32054197132798,0.190420307148252
Ang-0,JA,Anc,diam,-0.445832299718136,1.2980334318257,76.0693532673373,-0.343467501519639,0.732194274948507
Dja-1,JA,Anc,diam,-1.38317043985549,1.5107121276219,87.3053255852277,-0.915575121537431,0.362411777046283
En-1,JA,Anc,diam,-2.17738267752479,1.43456711543833,84.6561062914514,-1.51779770642484,0.132791124715669
Fei-0,JA,Anc,diam,-0.151973022023694,1.35262819726092,77.9729410841459,-0.112353876942267,0.910831571362103
Kar-1,JA,Anc,diam,-0.723776396243094,1.77842980526936,94.7749623805867,-0.406974958527233,0.684944047449273
Ler-0,JA,Anc,diam,-1.70144239529122,2.44338701250022,99.6334234441915,-0.696345845576956,0.487833609390522
Olympia-2,JA,Anc,diam,-1.51576460064477,1.38185334281142,81.1006990797412,-1.09690699706302,0.275928383688771
Sap-0,JA,Anc,diam,-1.0009644838017,1.62564555023443,89.5523574703091,-0.615733536537134,0.539632202288432
Tol-0,JA,Anc,diam,-1.44999999999999,1.23923116667009,71.6264044556668,-1.17008031995859,0.245847263287543
TRE-1,JA,Anc,diam,1.71666666666667,1.23923116667009,71.6264044612187,1.38526750523834,0.170269768396835
Tri-0,JA,Anc,diam,-0.916666666666662,1.23923116667009,71.6264044581531,-0.739705949399107,0.461896009162272
Ws-2,JA,Anc,diam,-1.032580517537,1.51208406296363,88.6892682176626,-0.682885656180499,0.496459052428463
aaCol-0,Drought,Anc,biomass,-103.933333338045,68.3065653892982,95.4329679779074,-1.52157164901646,0.131423073416675
Abd-0,Drought,Anc,biomass,-199.066666671378,68.306565389298,95.4329679164347,-2.91431234372335,0.0044409710716088
Ang-0,Drought,Anc,biomass,-39.9416666713776,68.306565389298,95.4329679211167,-0.584741253549187,0.560101633889815
Dja-1,Drought,Anc,biomass,-72.9257462184946,73.125389010471,113.445375093188,-0.997269856684827,0.320755951144034
En-1,Drought,Anc,biomass,-69.4083333380443,68.306565389298,95.4329678813819,-1.01612975183962,0.312136837491993
Fei-0,Drought,Anc,biomass,-54.9587758682015,69.9483014574796,101.625580617706,-0.785705652932974,0.433868024562619
Kar-1,Drought,Anc,biomass,-68.7886814005578,69.0606992220991,98.2693495076484,-0.996061177708808,0.321666791274051
Ler-0,Drought,Anc,biomass,-42.4232832697534,69.0606591719594,98.2693582402459,-0.614290158512973,0.540443213999339
Olympia-2,Drought,Anc,biomass,-88.1896424925324,69.0606591719594,98.2693582214449,-1.2769881369499,0.204615571777615
Sap-0,Drought,Anc,biomass,-25.4916666713776,68.306565389298,95.4329679301733,-0.373194970733685,0.709831012710249
Tol-0,Drought,Anc,biomass,-306.158378370255,69.0606992220991,98.2693495324863,-4.43317808563811,2.42000539500129e-05
TRE-1,Drought,Anc,biomass,-103.908333338044,68.306565389298,95.4329678613342,-1.52120565198736,0.131514792656441
Tri-0,Drought,Anc,biomass,-116.360913389217,69.0574383284989,98.2688552168522,-1.68498739897794,0.0951643574861859
Ws-2,Drought,Anc,biomass,-53.1000000047109,68.306565389298,95.4329678931382,-0.777377689861572,0.43885878611209
aaCol-0,Salt1,Anc,biomass,-84.216666666671,62.3414166560394,86.8348418312738,-1.3508943361253,0.180238925708488
Abd-0,Salt1,Anc,biomass,-299.390938533131,65.1965762371751,98.1935069387291,-4.59212670070271,1.30210998402059e-05
Ang-0,Salt1,Anc,biomass,-25.4916666666679,62.3414166560394,86.8348418862278,-0.40890419297519,0.683616719288603
Dja-1,Salt1,Anc,biomass,-119.3237785923,66.5956453004728,103.678637046849,-1.79176548337242,0.0760877342575035
En-1,Salt1,Anc,biomass,-82.941666666668,62.3414166560394,86.8348418866451,-1.33044244285124,0.186856006411429
Fei-0,Salt1,Anc,biomass,-193.282236798429,66.5902469786671,103.676254955199,-2.90256074377302,0.00452202412238633
Kar-1,Salt1,Anc,biomass,-59.0051278235328,63.0044844948532,89.4598488482053,-0.936522666546901,0.351525508463344
Ler-0,Salt1,Anc,biomass,-46.933111165334,63.0044480045156,89.4598314208665,-0.744917424908955,0.45827416666457
Olympia-2,Salt1,Anc,biomass,-88.0675881302044,63.0044480045157,89.4598314263834,-1.39779953510413,0.165629755369005
Sap-0,Salt1,Anc,biomass,14.4003528913967,65.1965762371751,98.1935069396323,0.220875906719556,0.825647683921589
Tol-0,Salt1,Anc,biomass,-355.87482479323,63.0044844948532,89.459848845242,-5.64840467542118,1.89468537090227e-07
TRE-1,Salt1,Anc,biomass,-286.841666666668,62.3414166560394,86.8348418857839,-4.60114129663237,1.42288018249925e-05
Tri-0,Salt1,Anc,biomass,-175.642117900056,63.0015232641639,89.457461072718,-2.78790271726594,0.00647950020393347
Ws-2,Salt1,Anc,biomass,-54.716666666668,62.3414166560394,86.8348418883293,-0.87769366821675,0.382531955146728
aaCol-0,Salt2,Anc,biomass,-110.478880948217,60.9857594374692,48.8505554756576,-1.81155210605346,0.0762055042069104
Abd-0,Salt2,Anc,biomass,-255.885331420716,68.2290943384234,69.1258956602809,-3.75038440568327,0.00036328148996819
Ang-0,Salt2,Anc,biomass,-13.9205476148801,60.9857594374692,48.8505554673111,-0.228258986085979,0.820397701881436
Dja-1,Salt2,Anc,biomass,-152.146455968739,62.5572431469309,54.5353451130917,-2.43211574415749,0.0183225638033601
En-1,Salt2,Anc,biomass,-73.6538809482134,60.9857594374692,48.8505554876756,-1.20772261635494,0.232968731003597
Fei-0,Salt2,Anc,biomass,-106.837014846677,65.4318864074864,61.1050767617108,-1.63279741289032,0.107654649344107
Kar-1,Salt2,Anc,biomass,-54.0354894652316,64.6259834321767,58.0453991465779,-0.836126378207312,0.406512687436468
Ler-0,Salt2,Anc,biomass,-35.1148591050986,61.7051275759164,51.4001563517559,-0.56907522088657,0.571783556721495
Olympia-2,Salt2,Anc,biomass,-61.355849779685,61.7051355352976,51.4006908797815,-0.994339437834752,0.32471570316036
Sap-0,Salt2,Anc,biomass,8.11278571845331,60.9857594374692,48.8505554721337,0.13302754271301,0.894718076883692
Tol-0,Salt2,Anc,biomass,-404.664814772527,64.6269899015709,58.0597270305296,-6.26154514373708,5.01212534793847e-08
TRE-1,Salt2,Anc,biomass,-260.46799337196,63.9751025675478,56.9504795515339,-4.07139626070856,0.000145889964076741
Tri-0,Salt2,Anc,biomass,-201.422527262555,61.6547022490279,50.0438233623234,-3.26694509769903,0.00196720801663783
Ws-2,Salt2,Anc,biomass,-26.4622142815468,60.9857594374692,48.8505554685499,-0.433908088144404,0.666265549811083
aaCol-0,Cd1,Anc,biomass,-91.7810674353306,58.7310911125804,64.5882557890743,-1.562733906295,0.123002041165851
Abd-0,Cd1,Anc,biomass,-204.43097955384,61.9361152442499,74.9544034252936,-3.30067487680895,0.00147861472012275
Ang-0,Cd1,Anc,biomass,33.4772658980051,58.7310911125805,64.5882557361144,0.570009261939866,0.57064891159838
Dja-1,Cd1,Anc,biomass,-115.225787408101,60.4733455051206,71.9777158997662,-1.905397931033,0.0607229232235481
En-1,Cd1,Anc,biomass,-38.1193128871728,61.9361152442499,74.9544034286424,-0.615461798610492,0.540114087966098
Fei-0,Cd1,Anc,biomass,-39.0826722280696,60.343063921467,69.9142145102848,-0.647674640434789,0.519316638551699
Kar-1,Cd1,Anc,biomass,-40.4301185675007,59.4153839731542,66.1277772565705,-0.68046549334375,0.498585395841492
Ler-0,Cd1,Anc,biomass,-33.8766565298313,59.5291890799186,67.9169377507957,-0.569076398543771,0.571181529565317
Olympia-2,Cd1,Anc,biomass,-15.330678316073,59.5291890799186,67.9169377529802,-0.257532120847328,0.797546714214131
Sap-0,Cd1,Anc,biomass,12.4772658980051,58.7310911125805,64.5882557402203,0.212447370917862,0.83242709102718
Tol-0,Cd1,Anc,biomass,-317.183148870531,59.4153839731542,66.1277772599252,-5.33840106148005,1.23396331134062e-06
TRE-1,Cd1,Anc,biomass,-115.772734101995,58.7310911125805,64.588255727607,-1.97123417782368,0.0529844976428039
Tri-0,Cd1,Anc,biomass,-113.555975747941,62.5863301148695,76.4347689828971,-1.81438942880216,0.0735416258945657
Ws-2,Cd1,Anc,biomass,-9.10303983149647,61.9105169828558,75.0143777322686,-0.147035435579019,0.883498512575029
aaCol-0,Cd2,Anc,biomass,-84.1874010651634,59.0240344411726,49.7646333147983,-1.42632407056265,0.160018478402699
Abd-0,Cd2,Anc,biomass,-307.287401065162,59.0240344411726,49.7646333361591,-5.20614024396157,3.6720793626274e-06
Ang-0,Cd2,Anc,biomass,-74.7290677318286,59.0240344411726,49.7646333354914,-1.26607861423483,0.21137977487146
Dja-1,Cd2,Anc,biomass,-139.033494783859,63.5249392365695,63.7763304931268,-2.18864427821162,0.0322915469320563
En-1,Cd2,Anc,biomass,-86.9957343984953,59.0240344411725,49.76463332606,-1.4739035584767,0.146805612056976
Fei-0,Cd2,Anc,biomass,-145.774448543184,63.458731796296,62.365700579284,-2.29715351090097,0.024979023410839
Kar-1,Cd2,Anc,biomass,-54.3042025579374,62.6103520796641,59.2334170217252,-0.867335843900732,0.389258201125505
Ler-0,Cd2,Anc,biomass,-46.2163752267491,59.7481663283347,52.3886523872759,-0.773519558286958,0.442691447048579
Olympia-2,Cd2,Anc,biomass,-67.3174451372827,59.7482073138354,52.3908046266347,-1.12668560553941,0.265009673012738
Sap-0,Cd2,Anc,biomass,-10.6230789425761,66.2207269115788,70.5292920964369,-0.160419243913775,0.873009412410393
Tol-0,Cd2,Anc,biomass,-358.401621338365,59.6777761824676,50.958226080803,-6.00561288079058,2.01540770719492e-07
TRE-1,Cd2,Anc,biomass,-278.20479343534,66.2207269115788,70.5292920772204,-4.2011739588243,7.64955529024393e-05
Tri-0,Cd2,Anc,biomass,-159.621209552243,59.6773097231535,51.0042034275678,-2.67473869537241,0.0100254694951229
Ws-2,Cd2,Anc,biomass,-20.1374010651619,59.0240344411726,49.7646333399802,-0.341172901104079,0.734409754864306
aaCol-0,Nutrient1,Anc,biomass,-117.883348939508,60.3542897563216,61.3507183719504,-1.95318923336615,0.0553620526787302
Abd-0,Nutrient1,Anc,biomass,-219.600015606173,60.3542897563216,61.3507183673392,-3.63851544758129,0.000563816692626957
Ang-0,Nutrient1,Anc,biomass,-56.3083489395069,60.3542897563216,61.350718371077,-0.932963492186718,0.354496127939137
Dja-1,Nutrient1,Anc,biomass,-195.223785713986,65.0463799827366,74.2894441440501,-3.00130131401315,0.00365907868544905
En-1,Nutrient1,Anc,biomass,-18.4916822728403,60.3542897563216,61.350718371612,-0.306385550182097,0.760348498869216
Fei-0,Nutrient1,Anc,biomass,-180.858317065699,61.9947084461938,66.5118581909598,-2.9173186163569,0.00481068025029343
Kar-1,Nutrient1,Anc,biomass,-42.1791337824191,61.158710627567,64.6255005911046,-0.689666825045966,0.492872840953672
Ler-0,Nutrient1,Anc,biomass,-37.3833501063849,61.0576457102019,62.7841835036313,-0.612263209161676,0.542574778167256
Olympia-2,Nutrient1,Anc,biomass,-95.0258960454124,61.0576457102019,62.7841835164291,-1.55633082376668,0.1246563005535
Sap-0,Nutrient1,Anc,biomass,-35.7978510609928,63.5866286749169,71.4461877537749,-0.562977654374591,0.575212587916658
Tol-0,Nutrient1,Anc,biomass,-423.398830752116,61.158710627567,64.6255005790142,-6.92295220758416,2.43342932779735e-09
TRE-1,Nutrient1,Anc,biomass,-275.725015606174,60.3542897563216,61.3507183871426,-4.56844106225761,2.42591626293345e-05
Tri-0,Nutrient1,Anc,biomass,-224.242076178155,61.1520160807422,64.5654052794686,-3.66696129661656,0.000498301032051317
Ws-2,Nutrient1,Anc,biomass,-7.10001560617352,60.3542897563216,61.3507183820538,-0.117638955488327,0.906738031085222
aaCol-0,Nutrient2,Anc,biomass,91.4831831301997,73.4734233286451,105.980618414413,1.24511937766935,0.215833938771935
Abd-0,Nutrient2,Anc,biomass,293.383333333332,70.1386629794498,94.0050239781087,4.18290456177204,6.46275778269309e-05
Ang-0,Nutrient2,Anc,biomass,186.558333333333,70.1386629794498,94.0050239733836,2.65985015123532,0.0091913649177594
Dja-1,Nutrient2,Anc,biomass,175.959868668971,71.8248207525699,100.08331214985,2.44984765468663,0.016028188921938
En-1,Nutrient2,Anc,biomass,66.0249999999992,70.1386629794498,94.0050239693474,0.941349566634085,0.348938546213435
Fei-0,Nutrient2,Anc,biomass,80.8914793069607,79.7035294599868,127.467260404386,1.01490460780122,0.312073857426736
Kar-1,Nutrient2,Anc,biomass,2.27850451794912,70.9102694818228,96.7889365661208,0.0321322219559917,0.974432775603486
Ler-0,Nutrient2,Anc,biomass,9.17692714922665,70.9102283523122,96.7889423090845,0.129416127439779,0.897296949090548
Olympia-2,Nutrient2,Anc,biomass,17.1238789498498,74.1975356570331,108.597609953581,0.230787704715724,0.81791396154945
Sap-0,Nutrient2,Anc,biomass,-12.5083333333343,70.1386629794498,94.0050239756125,-0.178337208067384,0.858841922710801
Tol-0,Nutrient2,Anc,biomass,263.258807548252,70.9102694818228,96.7889365594694,3.71256250289299,0.000342876743494279
TRE-1,Nutrient2,Anc,biomass,133.779005866888,73.4605054239656,105.981170673603,1.82110108138793,0.0714126841984604
Tri-0,Nutrient2,Anc,biomass,196.879513324694,70.906921833093,96.7882364534763,2.77659089176268,0.00659594062556328
Ws-2,Nutrient2,Anc,biomass,-26.5166666666676,70.1386629794498,94.0050239738228,-0.378060623631175,0.706237908350939
aaCol-0,Leaf,Anc,biomass,-9.11336410637906,64.3599813242786,84.7094402365971,-0.14159985629053,0.887732297104895
Abd-0,Leaf,Anc,biomass,-138.33626370869,73.3271176482555,112.563048223636,-1.88656349990843,0.0617956914028602
Ang-0,Leaf,Anc,biomass,-71.0765197654062,68.0724887805746,96.6151635958382,-1.04412988328537,0.29903076850072
Dja-1,Leaf,Anc,biomass,-21.069899015104,66.0995288667506,88.3922999196537,-0.318760199601099,0.750660364308125
En-1,Leaf,Anc,biomass,-27.9333361205457,68.1003980231921,96.6047883407492,-0.410178749778126,0.682583072255691
Fei-0,Leaf,Anc,biomass,-95.9215606662039,66.2475512417696,91.0485341778969,-1.44792613263756,0.151072518151997
Kar-1,Leaf,Anc,biomass,-18.2412912770336,65.2985878247444,88.8179602231105,-0.279352002618978,0.780624176440559
Ler-0,Leaf,Anc,biomass,-20.7920194154978,65.1566172261762,86.4159844813788,-0.319108331596207,0.750414449199596
Olympia-2,Leaf,Anc,biomass,-87.7542859870073,65.1566172261762,86.4159844696184,-1.34682077926772,0.18155951425819
Sap-0,Leaf,Anc,biomass,41.6949692269573,64.3599813242786,84.7094401971471,0.647839983310074,0.518840511434323
Tol-0,Leaf,Anc,biomass,-198.494321580064,65.2985878247444,88.8179602267287,-3.03979501230263,0.00311017495102228
TRE-1,Leaf,Anc,biomass,-7.33837844072389,68.0856534186134,96.6175493306161,-0.107781567367872,0.914392470267549
Tri-0,Leaf,Anc,biomass,99.5003135966692,74.1533891885453,116.655068182356,1.34181747706333,0.18226120971933
Ws-2,Leaf,Anc,biomass,-44.2966974397094,64.3599813242786,84.7094401840676,-0.688264609905959,0.493166709870094
aaCol-0,JA,Anc,biomass,135.700000000004,81.3035140007841,45.1828321080777,1.66905455031987,0.102022320626814
Abd-0,JA,Anc,biomass,-164.310762844799,87.6112129729409,55.6170690357292,-1.87545357802028,0.0659833701993448
Ang-0,JA,Anc,biomass,14.6500000000015,81.3035140007843,45.1828321622614,0.180189013722828,0.857809928184802
Dja-1,JA,Anc,biomass,53.0166666666682,81.3035140007843,45.1828321549083,0.65208333635071,0.517651097067068
En-1,JA,Anc,biomass,-63.4999999999987,81.3035140007843,45.1828321550211,-0.781024052655167,0.438861506886931
Fei-0,JA,Anc,biomass,16.5833333333351,81.3035140007844,45.1828321571129,0.203968223724932,0.839294267514037
Kar-1,JA,Anc,biomass,16.8582062688069,84.5132284038367,50.437496143485,0.199474172117197,0.842693862547636
Ler-0,JA,Anc,biomass,-4.84999999999856,81.3035140007843,45.1828321544691,-0.0596530181949057,0.952695060269986
Olympia-2,JA,Anc,biomass,-0.913365991616092,89.1163287233572,58.039849120971,-0.0102491429427198,0.991857658821592
Sap-0,JA,Anc,biomass,16.6333333333348,81.3035140007843,45.1828321478063,0.204583203293948,0.838816583795024
Tol-0,JA,Anc,biomass,195.696075967096,84.5145223228698,50.4368427607582,2.31553194159319,0.024688858701809
TRE-1,JA,Anc,biomass,139.333333333335,81.3035140007843,45.1828321520922,1.71374306566861,0.0934298176854019
Tri-0,JA,Anc,biomass,11.1166666666681,81.3035140007843,45.1828321486022,0.136730457512093,0.891851296344453
Ws-2,JA,Anc,biomass,6.60000000000153,81.3035140007843,45.1828321544013,0.0811773031106363,0.935659475973956
aaCol-0,Drought,Anc,fruit,-116.689276154876,42.1913564899207,157.868793481457,-2.7657152047897,0.00635734102922039
Abd-0,Drought,Anc,fruit,-66.6550603720319,48.2971686664606,175.525813494562,-1.38010285514562,0.169310236334304
Ang-0,Drought,Anc,fruit,-80.6216794221175,42.1913583699935,157.870155997165,-1.91085763855036,0.0578352868439677
Dja-1,Drought,Anc,fruit,-3.27903237536766,44.7193901234131,162.614416052829,-0.0733246219664096,0.94163791337317
En-1,Drought,Anc,fruit,-38.5133830921096,41.5892543957347,153.744151071634,-0.926041681960508,0.355875656405147
Fei-0,Drought,Anc,fruit,-212.104791560295,45.3902437666342,166.923133214501,-4.67291589467539,6.08704349949646e-06
Kar-1,Drought,Anc,fruit,-145.391956083609,45.3898506946434,164.433243128394,-3.2031820739337,0.00163233484226123
Ler-0,Drought,Anc,fruit,-35.2406492903459,42.8937282151886,158.492201757878,-0.821580467744634,0.412549870296977
Olympia-2,Drought,Anc,fruit,-142.430049758776,41.5892543957347,153.74415094324,-3.42468389559259,0.000789330475313851
Sap-0,Drought,Anc,fruit,-45.4392583246473,42.8960200583054,158.773393658441,-1.05928844361051,0.291077274283869
Tol-0,Drought,Anc,fruit,-54.2604886278809,48.2872799124688,173.281503225232,-1.12370149501566,0.262694024624618
TRE-1,Drought,Anc,fruit,-13.615519631056,44.1563261563457,162.734543318488,-0.30834810810227,0.758211810792734
Tri-0,Drought,Anc,fruit,6.42481642011678,43.7505122544548,163.834096489087,0.146851227312489,0.883429999479215
Ws-2,Drought,Anc,fruit,-94.4353000400965,44.1610666451677,162.66744648502,-2.13842887444001,0.0339747682404528
aaCol-0,Salt1,Anc,fruit,-89.7253450484657,38.9811332943168,127.880558189537,-2.3017633779659,0.022965472155809
Abd-0,Salt1,Anc,fruit,-100.698267840752,41.3411602260598,138.057593966538,-2.4357871740928,0.0161342493851603
Ang-0,Salt1,Anc,fruit,-102.194149525079,38.9811332943168,127.880557753977,-2.62163105298885,0.00981258045852173
Dja-1,Salt1,Anc,fruit,-0.226919291166106,44.6627676888031,156.867481918096,-0.00508072613742194,0.995952639993308
En-1,Salt1,Anc,fruit,-72.9423555634192,38.4408742486979,127.731094880236,-1.89752072472415,0.0600164154536299
Fei-0,Salt1,Anc,fruit,-150.390892658632,41.9694828516313,143.90198911415,-3.58333918934117,0.000463505236434923
Kar-1,Salt1,Anc,fruit,-162.520195258263,39.6504166384878,133.769684150868,-4.09882692381367,7.161493474858e-05
Ler-0,Salt1,Anc,fruit,-67.2346276797235,39.6521842302612,133.898409796159,-1.69560968670201,0.0922838650693266
Olympia-2,Salt1,Anc,fruit,-176.859022230086,38.4408742486979,127.731094857355,-4.60080645111959,1.00050440486447e-05
Sap-0,Salt1,Anc,fruit,-27.3817431265731,45.2098459788384,152.652253833789,-0.605658845628225,0.545640757338139
Tol-0,Salt1,Anc,fruit,-52.8271473030882,41.3402574310821,138.384731397559,-1.27786207889866,0.203437473145862
TRE-1,Salt1,Anc,fruit,-48.0256888967525,38.4408742486979,127.731094907281,-1.24933914317465,0.213825613258887
Tri-0,Salt1,Anc,fruit,-67.2291169584509,40.4208071037673,133.753994553794,-1.66323044430711,0.0986077619878942
Ws-2,Salt1,Anc,fruit,-122.775688896753,38.4408742486979,127.731094914193,-3.19388388782317,0.00176811111557696
aaCol-0,Salt2,Anc,fruit,-166.512452145452,39.4725943435704,184.282540382739,-4.21843192510033,3.85415321111632e-05
Abd-0,Salt2,Anc,fruit,-137.002985773595,50.2674054896108,194.872871125785,-2.7254835303149,0.00700549783337558
Ang-0,Salt2,Anc,fruit,-115.877780342265,41.8538391428023,188.162045574346,-2.76862965776922,0.00619248669089336
Dja-1,Salt2,Anc,fruit,-91.3504079271263,39.4735241442365,184.255763623288,-2.31421971834416,0.0217586331895479
En-1,Salt2,Anc,fruit,-77.083333344444,38.9122934586763,183.132561914377,-1.98095065833897,0.049093725111258
Fei-0,Salt2,Anc,fruit,-167.290948432651,42.4817352628733,188.94857824378,-3.93794997773677,0.00011550048122533
Kar-1,Salt2,Anc,fruit,-190.073623098267,40.1358320281729,185.498888044669,-4.73575888410254,4.32431749789422e-06
Ler-0,Salt2,Anc,fruit,-61.196346554443,40.1366434296749,185.47689449584,-1.52470015739277,0.129037190083244
Olympia-2,Salt2,Anc,fruit,-203.500000011111,38.9122934586763,183.132561991005,-5.22970973754661,4.60665090694358e-07
Sap-0,Salt2,Anc,fruit,-83.7067744624157,42.4785666112195,189.019954876853,-1.97056494934334,0.0502337037388211
Tol-0,Salt2,Anc,fruit,-116.905135206928,50.2657575777564,194.891014769121,-2.32574103804337,0.0210610904486003
TRE-1,Salt2,Anc,fruit,-98.8893647211234,44.7019450547912,191.385146470973,-2.21219377814354,0.0281362719411712
Tri-0,Salt2,Anc,fruit,-95.1450626423674,40.9334871241525,186.775618292735,-2.32438204821861,0.0211804796350611
Ws-2,Salt2,Anc,fruit,-113.250000011111,38.9122934586763,183.132561810708,-2.91039129141485,0.00405764819815341
aaCol-0,Cd1,Anc,fruit,-107.957720197769,40.1116983048644,192.451477850201,-2.6914273082443,0.00774120064077331
Abd-0,Cd1,Anc,fruit,-87.0269639590975,46.232925115774,192.460818170279,-1.88235902749327,0.0612963136363218
Ang-0,Cd1,Anc,fruit,-50.6744839556406,42.6728210477408,192.531246034033,-1.18751192706355,0.236488747013634
Dja-1,Cd1,Anc,fruit,-44.8862914858933,42.799494743819,193.190636736764,-1.04875750881091,0.295599969664519
En-1,Cd1,Anc,fruit,3.93919453624455,42.1511062266266,192.725392068357,0.0934541199242876,0.925639878137722
Fei-0,Cd1,Anc,fruit,-51.8254214343084,40.8835903971439,192.777754485161,-1.26763380933219,0.206457750242971
Kar-1,Cd1,Anc,fruit,-109.357154308919,40.8878381357818,192.847706154663,-2.67456435201495,0.00812512230612845
Ler-0,Cd1,Anc,fruit,-21.1095625544664,40.8906192265442,192.871765455258,-0.516244629055728,0.606274918619506
Olympia-2,Cd1,Anc,fruit,-78.297558112499,39.5581267152929,192.695923186143,-1.97930399171884,0.0492058018976896
Sap-0,Cd1,Anc,fruit,-31.0628394164079,40.8816517881913,192.763718900456,-0.759823491901578,0.448288356190158
Tol-0,Cd1,Anc,fruit,-60.7005049078775,42.671167397284,192.511589047365,-1.42251802822111,0.156494231209622
TRE-1,Cd1,Anc,fruit,-24.1308914458324,39.5581267152929,192.695923185197,-0.610010974976313,0.542573227935339
Tri-0,Cd1,Anc,fruit,-60.4316160620032,44.1595848095961,192.551667540904,-1.36848243303391,0.172755686831144
Ws-2,Cd1,Anc,fruit,-24.3808914458324,39.5581267152929,192.695923186408,-0.61633078889974,0.53840363141168
aaCol-0,Cd2,Anc,fruit,-57.2235361425774,38.8891971048429,189.282406940831,-1.47145069589136,0.142829856500091
Abd-0,Cd2,Anc,fruit,-86.4986098321259,44.8273248282681,189.503098990842,-1.92959562417563,0.0551503785594787
Ang-0,Cd2,Anc,fruit,-94.345491129172,38.8891971048429,189.282406965796,-2.42600768729738,0.0162038746058901
Dja-1,Cd2,Anc,fruit,-97.6253977885077,44.8500145301276,189.857484468831,-2.17670827559997,0.0307364919763617
En-1,Cd2,Anc,fruit,-43.7572553068685,38.3468960171451,189.630511055595,-1.14108988866542,0.2552715042818
Fei-0,Cd2,Anc,fruit,-144.937878800669,42.0756586930715,189.891352166972,-3.44469660850575,0.000703553066409256
Kar-1,Cd2,Anc,fruit,-147.382967814415,39.6333007477675,189.864886441952,-3.7186649871123,0.000263547891208834
Ler-0,Cd2,Anc,fruit,-48.1502046224558,42.0832370854895,190.023329273375,-1.14416589495341,0.253994058232006
Olympia-2,Cd2,Anc,fruit,-136.673921973535,38.3468960171451,189.630511046615,-3.56414563286759,0.000461893681724315
Sap-0,Cd2,Anc,fruit,-65.6876742040761,41.9937905092492,189.398459384548,-1.56422350560634,0.119434387257713
Tol-0,Cd2,Anc,fruit,-41.5586248184178,41.3679557307032,189.403142889213,-1.00460910103839,0.316366830547132
TRE-1,Cd2,Anc,fruit,-51.3555854941531,44.3611984702173,189.842963563831,-1.15766902755415,0.248453543440598
Tri-0,Cd2,Anc,fruit,-79.9222392626723,40.4039547111453,189.318785797562,-1.97807961705853,0.0493703592092762
Ws-2,Cd2,Anc,fruit,-102.757255306869,38.3468960171451,189.630511051638,-2.67967595762966,0.00801756977114291
aaCol-0,Nutrient1,Anc,fruit,-85.936549301288,41.9253418163882,171.868222735129,-2.04975190608217,0.0419079956320566
Abd-0,Nutrient1,Anc,fruit,-33.3748142650683,45.3631463775568,181.62590424037,-0.735725295315502,0.462846945796642
Ang-0,Nutrient1,Anc,fruit,-54.7659385720764,39.5143041598882,167.341677495329,-1.38597755259652,0.167597885753211
Dja-1,Nutrient1,Anc,fruit,-12.7409365610877,41.9080884755292,170.322540669096,-0.304020942604609,0.761483034585221
En-1,Nutrient1,Anc,fruit,-51.3177532792039,38.9223399220869,163.376266559865,-1.31846526652636,0.18919329329943
Fei-0,Nutrient1,Anc,fruit,-97.0496739972538,40.1788990400637,167.663728384811,-2.41543885760738,0.0167908927703608
Kar-1,Nutrient1,Anc,fruit,-84.1484917920432,40.1751096946623,167.551159310356,-2.09454292549755,0.0377160581507997
Ler-0,Nutrient1,Anc,fruit,-27.5417795631268,40.17504409613,167.457475900654,-0.685544476248127,0.493948345603512
Olympia-2,Nutrient1,Anc,fruit,-151.234419945871,38.9223399220869,163.376266485833,-3.88554285915506,0.000148095021255645
Sap-0,Nutrient1,Anc,fruit,-65.252426534742,42.5772218495461,174.36088138804,-1.53256656259355,0.127195090370212
Tol-0,Nutrient1,Anc,fruit,-79.7055616095472,39.5159304207035,167.380202737561,-2.0170488398215,0.0452885768759161
TRE-1,Nutrient1,Anc,fruit,-18.0677532792039,38.9223399220869,163.376266485048,-0.464200079321315,0.643122353538532
Tri-0,Nutrient1,Anc,fruit,-74.0825443772728,43.3458754246464,175.80096222881,-1.70910250748217,0.0891966119194005
Ws-2,Nutrient1,Anc,fruit,-86.9844199458705,38.9223399220869,163.376266494018,-2.23481990342801,0.0267851614109341
aaCol-0,Nutrient2,Anc,fruit,87.0834248642077,44.3884613410181,175.865374487904,1.96184824238853,0.0513583911617303
Abd-0,Nutrient2,Anc,fruit,-30.7913573553407,44.3960136362122,175.793174842325,-0.693561309527695,0.488872753272325
Ang-0,Nutrient2,Anc,fruit,16.9073008551164,47.1961398038003,180.131033589744,0.358234824403055,0.720587050877605
Dja-1,Nutrient2,Anc,fruit,3.33822725880728,47.1007913284553,177.124165846851,0.0708741225923,0.943577897401368
En-1,Nutrient2,Anc,fruit,40.3277972485618,43.6807166731967,172.990867268914,0.923240283585083,0.357167926376767
Fei-0,Nutrient2,Anc,fruit,-210.944868830816,47.8994933291422,180.324232125642,-4.40390605765504,1.8189156595594e-05
Kar-1,Nutrient2,Anc,fruit,-72.5944957103616,45.1293920518356,175.956916728515,-1.60858572229335,0.109499715187541
Ler-0,Nutrient2,Anc,fruit,-0.273657623555008,45.1283432882717,175.910280587947,-0.00606398559342036,0.99516854055236
Olympia-2,Nutrient2,Anc,fruit,31.7940947736272,50.4714757030084,181.721867905033,0.629941849941432,0.529523899032808
Sap-0,Nutrient2,Anc,fruit,-18.0259057204988,47.8987543753901,180.261849118841,-0.376333496675654,0.707111547571033
Tol-0,Nutrient2,Anc,fruit,-51.8458587923428,44.3907414605962,175.847723102328,-1.16794306845188,0.244410820631631
TRE-1,Nutrient2,Anc,fruit,-102.889372131358,46.5184979209217,177.53646544587,-2.21179480700909,0.028257176862065
Tri-0,Nutrient2,Anc,fruit,34.5515163229526,46.1310060292751,179.330325784019,0.748986837638571,0.454846429715858
Ws-2,Nutrient2,Anc,fruit,-62.1722027514382,43.6807166731967,172.990867157671,-1.42333293697052,0.156440666052142
aaCol-0,Leaf,Anc,fruit,-53.6940795353857,42.1159537145054,193.611071653714,-1.27491068822437,0.203868694013901
Abd-0,Leaf,Anc,fruit,6.56998592896541,48.2828304971051,199.341144221546,0.136072924087566,0.891900948875777
Ang-0,Leaf,Anc,fruit,-52.580346740838,42.1159537145054,193.611071636666,-1.2484662486161,0.213367935967866
Dja-1,Leaf,Anc,fruit,7.53495276289214,42.1167560899252,193.585754521331,0.178906294369015,0.858198381322791
En-1,Leaf,Anc,fruit,-0.416666666666663,41.5109591124293,192.712625755233,-0.0100375099871374,0.992001743502802
Fei-0,Leaf,Anc,fruit,-74.7506961435138,42.8333397290602,194.498628778594,-1.74515217856803,0.0825377024065037
Kar-1,Leaf,Anc,fruit,-70.9184753999589,42.8317025176388,194.550525933684,-1.65574729070724,0.0993850869968325
Ler-0,Leaf,Anc,fruit,-42.4520574615567,42.8324033729896,194.529820492696,-0.991120136124027,0.322858126278015
Olympia-2,Leaf,Anc,fruit,-101.166666666667,41.5109591124293,192.712625759534,-2.43710742487699,0.0157132454663639
Sap-0,Leaf,Anc,fruit,-11.4574144673429,45.3577883511047,197.269355336478,-0.252600818599302,0.800839707357119
Tol-0,Leaf,Anc,fruit,-89.9075460732206,42.1167568691517,193.585716249216,-2.1347214922684,0.0340412629333101
TRE-1,Leaf,Anc,fruit,-7.66666666666666,41.5109591124293,192.71262575759,-0.18469018376333,0.853666261120219
Tri-0,Leaf,Anc,fruit,108.060806496683,49.6613314750519,200.10572708946,2.17595467715096,0.0307301263772083
Ws-2,Leaf,Anc,fruit,-117.75,41.5109591124293,192.712625757229,-2.83660032236507,0.00504705227096945
aaCol-0,JA,Anc,fruit,190.166666666668,52.5098990985068,124.098372921236,3.62153936555698,0.000425208771145788
Abd-0,JA,Anc,fruit,77.6140051036189,57.6850714833247,124.639477379868,1.34547818192537,0.180913508741886
Ang-0,JA,Anc,fruit,-40.6666666666667,52.5098990985068,124.098372919719,-0.774457147410955,0.440133528098092
Dja-1,JA,Anc,fruit,-1.91435904453507,55.1409346164614,124.327743741517,-0.0347175661393953,0.972360631294232
En-1,JA,Anc,fruit,-74.8110078348792,55.1446852399036,124.353382363165,-1.35663133281872,0.177356135079644
Fei-0,JA,Anc,fruit,1.06867893909275,55.1445659023549,124.352560328658,0.0193795874825648,0.984569354800594
Kar-1,JA,Anc,fruit,51.3333333333333,52.5098990985068,124.098372915647,0.977593448371206,0.330177319711154
Ler-0,JA,Anc,fruit,7.83333333333331,52.5098990985068,124.098372916177,0.149178221017684,0.88165516179048
Olympia-2,JA,Anc,fruit,65.6644783952127,58.8723797627696,124.626090057024,1.11536986715693,0.266838081338611
Sap-0,JA,Anc,fruit,-29.1889921651208,55.1446852399035,124.353382372961,-0.529316506897009,0.597529552628088
Tol-0,JA,Anc,fruit,118.39700273126,55.1427628263746,124.340088410882,2.14709957685746,0.0337264047954699
TRE-1,JA,Anc,fruit,59.0072008330694,57.6825323614179,124.623503042336,1.02296481131154,0.308306111864946
Tri-0,JA,Anc,fruit,5.16666666666669,52.5098990985068,124.098372908092,0.0983941457776217,0.921778075546455
Ws-2,JA,Anc,fruit,42.8333333333333,52.5098990985068,124.098372916153,0.815719208543506,0.416223655392432
