"ecotype","treat","gen","trait","Estimate","Std..Error","df","t.value","Pr...t.."
"Abd-0","Cd1","F1","flt",6.7901550165966,4.1820133119679,179.611000165766,1.62365695899744,0.106202765710879
"Ang-1","Cd1","F1","flt",3.35027661208999,4.05717294931744,180.600373196839,0.825766279609458,0.410026180935252
"Dja-1","Cd1","F1","flt",0.658130949285098,4.11866281697047,180.913102008561,0.159792383725452,0.873222887975351
"Fei-0","Cd1","F1","flt",-3.49282660591908,4.09553798024579,177.027722555005,-0.852837068723622,0.394902049346115
"Ler-0","Cd1","F1","flt",-0.018392951770071,4.95499367581868,181.828167473204,-0.00371200307678134,0.997042326248858
"Tol-0","Cd1","F1","flt",-2.841264338838,4.20415756352218,180.788941624398,-0.675822515190803,0.500016907669469
"TRE-1","Cd1","F1","flt",-8.29937159670818,3.83805531384509,176.712990727574,-2.16238978285949,0.0319323638160137
"Tri-1","Cd1","F1","flt",2.71934377918124,3.9310605597893,179.429501852328,0.691758302326178,0.489983261198997
"aaCol-0","Cd2","F1","flt",2.13366865747439,4.05518874176585,180.875868850154,0.526157669431997,0.599423209670444
"Abd-0","Cd2","F1","flt",5.43307024829178,4.29411739352116,180.09593978258,1.26523561197675,0.207421438789416
"Ang-1","Cd2","F1","flt",0.255333761267657,4.01775305244942,180.922024623227,0.0635513825599593,0.949397603643327
"Fei-0","Cd2","F1","flt",2.50076064580642,4.03545924988609,177.276276098366,0.619696666711975,0.536253182957473
"Ler-0","Cd2","F1","flt",-0.282004562921927,4.09410683386676,181.994244507864,-0.0688806067758573,0.945160276569605
"Tol-0","Cd2","F1","flt",0.136348566181716,4.88094456021829,181.596233223102,0.0279348729532831,0.977744769936546
"TRE-1","Cd2","F1","flt",7.36750988327191,4.05711294067183,175.883284117417,1.81594892501363,0.0710810961803333
"aaCol-0","Drought","F1","flt",1.84746124585477,3.93995049186067,179.408496398083,0.468904685394232,0.639707045950432
"Abd-0","Drought","F1","flt",14.8324431574228,3.93995300634929,179.590256372037,3.76462438346855,0.000225790025678235
"Ang-1","Drought","F1","flt",2.52553395129635,4.03065509386716,181.405332944279,0.626581509080019,0.531721292459721
"Dja-1","Drought","F1","flt",-1.9691414773296,4.17886269654718,179.194531771605,-0.471214686942602,0.638060593430643
"Ler-0","Drought","F1","flt",-2.23936471519149,4.09696230738472,177.572658401541,-0.546591485880908,0.585345577369274
"Sap-0","Drought","F1","flt",-18.1086780379143,5.56048564648589,180.707279272316,-3.25667202276813,0.00134625764698898
"Tol-0","Drought","F1","flt",-8.43455324032537,3.91381562276859,180.187302738894,-2.15507168790922,0.0324832505294798
"TRE-1","Drought","F1","flt",1.0756745198765,3.92744191905951,179.545811704529,0.273886805214446,0.784486443905875
"Tri-1","Drought","F1","flt",1.55128738457577,4.10851313139825,178.679449647578,0.377578782143949,0.70619164842784
"aaCol-0","Salt1","F1","flt",4.79688950203826,4.01240303656484,180.579811261932,1.19551537029666,0.233453324225672
"Abd-0","Salt1","F1","flt",-3.04765222778529,4.12347694337011,180.578426842101,-0.739097676460984,0.460807316913803
"Ang-1","Salt1","F1","flt",1.17253988477736,4.0143649540522,179.957873083164,0.292086020627938,0.770557308759263
"Dja-1","Salt1","F1","flt",-0.902086723931003,4.1915126762951,181.141197070791,-0.215217462906104,0.829839898512294
"Sap-0","Salt1","F1","flt",-12.36141020262,5.63099625518466,181.319514176583,-2.19524390399629,0.0294160376335815
"Tol-0","Salt1","F1","flt",-7.45253422688313,3.96137309704495,179.436589404522,-1.8813007622136,0.0615505856021978
"TRE-1","Salt1","F1","flt",-5.34957125502105,4.10066507348925,175.975322999878,-1.30456185988121,0.193745622919424
"aaCol-0","Salt2","F1","flt",3.17454893465236,3.96737646685054,180.693003307513,0.800163271919705,0.424666939210561
"Fei-0","Salt2","F1","flt",6.76011761637186,3.89039038239822,177.475443452836,1.73764505663943,0.084008045105779
"Abd-0","Cd1","F1","height",-2.05885722667811,3.36294055616829,178.831580532501,-0.612219333732129,0.541170286389577
"Ang-1","Cd1","F1","height",-1.72594078169594,3.27448797432474,178.720227615821,-0.527087225614826,0.59878666458051
"Dja-1","Cd1","F1","height",-2.96702258907223,3.46150907492027,178.980551887975,-0.857147135788042,0.392509812098981
"Fei-0","Cd1","F1","height",-1.3089080549247,3.16382556461055,178.899093544756,-0.41371056279641,0.679581615798759
"Ler-0","Cd1","F1","height",-1.38812209882895,3.99089787132773,178.893675626651,-0.347822004868077,0.72838277819614
"Tol-0","Cd1","F1","height",-0.170020380067676,3.38752487211968,178.82811939087,-0.0501901495888616,0.96002687585941
"TRE-1","Cd1","F1","height",-4.9095963452622,3.090983555708,178.965583201001,-1.58836055151307,0.113969942080791
"Tri-1","Cd1","F1","height",-4.46428178714102,3.16609020892711,178.981465180984,-1.41002987677152,0.160266266563066
"aaCol-0","Cd2","F1","height",-0.369433091350319,3.26206553533507,178.989368121246,-0.113251278169791,0.909958265189478
"Abd-0","Cd2","F1","height",-7.49455283560637,3.45826601757308,178.918400607039,-2.16714179809275,0.0315457990284594
"Ang-1","Cd2","F1","height",-1.52897071896792,3.24252863664338,178.98534838023,-0.471536535310506,0.637831914034136
"Fei-0","Cd2","F1","height",0.882294506242415,3.25391518860231,178.985659016181,0.271148587195168,0.786589212005192
"Ler-0","Cd2","F1","height",-0.719016086133349,3.29368175297351,178.835469809018,-0.218301627194014,0.827443013778524
"Tol-0","Cd2","F1","height",0.691667820473498,3.92593216278957,178.883078862057,0.17617925929266,0.860352405872955
"TRE-1","Cd2","F1","height",1.13152735841753,3.2715505021001,178.984707251987,0.345868834270225,0.729847488174907
"aaCol-0","Drought","F1","height",-1.62361569923276,3.17785458367965,178.767660363258,-0.510915668568058,0.610040489916461
"Abd-0","Drought","F1","height",-2.00767772252427,3.34140379746672,178.993460443815,-0.600848578686116,0.548700929488389
"Ang-1","Drought","F1","height",-2.65681602901108,3.2481533849641,178.968739429603,-0.817946603540843,0.414475337643418
"Dja-1","Drought","F1","height",-0.410615857843234,3.36518053140392,178.999733389283,-0.122018968673853,0.903020873108261
"Ler-0","Drought","F1","height",6.63955096461016,3.30110716196822,178.999851036285,2.01131033887778,0.0457928963649057
"Sap-0","Drought","F1","height",1.19623404834072,4.56767225976795,178.769830655944,0.261891392444495,0.793706685886346
"Tol-0","Drought","F1","height",0.531538399788017,3.15378461839871,178.820222490253,0.168539854207894,0.866349073398931
"TRE-1","Drought","F1","height",-1.86572068441265,3.34112941670639,178.806755847262,-0.558410181624103,0.577262898501978
"Tri-1","Drought","F1","height",-2.42850652010434,3.30861398588616,178.954023753961,-0.733995120151167,0.46391229173511
"aaCol-0","Salt1","F1","height",0.0433817778246881,3.23252669861662,178.975372846284,0.0134203927358909,0.989307345340488
"Abd-0","Salt1","F1","height",-0.680165574096728,3.32024323194509,178.972182285305,-0.204854140670371,0.837918876138788
"Ang-1","Salt1","F1","height",3.90860868236669,3.22557304230725,178.987027264725,1.21175637044972,0.227202925100154
"Dja-1","Salt1","F1","height",-2.82327709156576,3.37168766398379,178.982359735058,-0.8373483468602,0.403513486718417
"Sap-0","Salt1","F1","height",9.42806712275344,4.52905416314375,178.924220333459,2.08168566396855,0.0387944323546666
"Tol-0","Salt1","F1","height",2.42727713777456,3.19116431567472,178.971450456797,0.760624304380688,0.447882425972069
"TRE-1","Salt1","F1","height",-1.48160324878793,3.3061222551536,178.963617310612,-0.4481392805358,0.654594730531847
"aaCol-0","Salt2","F1","height",9.9807595309178,3.19586577156821,178.9253575644,3.12302213056346,0.0020882081033264
"Fei-0","Salt2","F1","height",0.618311807358707,3.13391961191966,178.940935500982,0.197296639328909,0.843819336805195
"Abd-0","Cd1","F1","diam",0.852520371881912,1.03281314017903,160.876944137383,0.825435249336717,0.410346863034662
"Ang-1","Cd1","F1","diam",-0.943088425387952,1.005703635886,161.939400268369,-0.937739898451406,0.349774551377743
"Dja-1","Cd1","F1","diam",0.875861667142086,1.06345981984871,162.651884500331,0.823596388687904,0.411374902057953
"Fei-0","Cd1","F1","diam",-0.982907265189439,0.96491073703029,159.241513173203,-1.01865097720286,0.309913822508208
"Ler-0","Cd1","F1","diam",0.851446508296737,1.28803717074105,164.153580440662,0.661041876459877,0.509512153920428
"Tol-0","Cd1","F1","diam",-0.432152871669592,1.08067876156145,162.928377779794,-0.399890223663862,0.689761145579857
"TRE-1","Cd1","F1","diam",-3.27878717207862,0.987416939847417,158.089606382799,-3.32057010545645,0.00111557350252143
"Tri-1","Cd1","F1","diam",-0.908079119812744,0.973043646613917,161.987627625051,-0.933235752551037,0.352087212942809
"aaCol-0","Cd2","F1","diam",0.547285674992816,1.01072605481715,163.569222305626,0.541477754911369,0.588915089247124
"Abd-0","Cd2","F1","diam",1.08334333300744,1.06116913805825,162.243639573914,1.02089600437284,0.308823566151627
"Ang-1","Cd2","F1","diam",1.19430226592903,1.04323342214827,161.792589831068,1.14480828602067,0.253979286540331
"Fei-0","Cd2","F1","diam",-0.391247670955244,1.05375928863508,157.948438899987,-0.371287518102946,0.710920947938044
"Ler-0","Cd2","F1","diam",0.631950719340597,1.1510901349731,164.95269993201,0.549001941846513,0.583746501509183
"Tol-0","Cd2","F1","diam",-0.959066235035429,1.24911885120693,163.119061521677,-0.767794220789126,0.443719464315692
"TRE-1","Cd2","F1","diam",-0.807577464234276,0.998142139605387,157.801563707527,-0.809080623079945,0.419686986752609
"aaCol-0","Drought","F1","diam",0.740286355953059,0.972501667992481,161.012476309372,0.761218597682428,0.447639941853203
"Abd-0","Drought","F1","diam",0.66693277361905,1.08397401742188,159.667336762591,0.615266383603255,0.53925475619099
"Ang-1","Drought","F1","diam",0.689412633918286,1.04387293377538,161.774984609584,0.66043731148856,0.509912533916239
"Dja-1","Drought","F1","diam",-0.197444082821267,1.02960196997745,159.881837241351,-0.191767390291212,0.848167749885416
"Ler-0","Drought","F1","diam",0.0415000942672328,1.18891286539352,161.818079644994,0.0349059173932789,0.97219778283196
"Sap-0","Drought","F1","diam",-5.72652035631783,1.53912251533312,159.860285013782,-3.72063971468731,0.000274753591379763
"Tol-0","Drought","F1","diam",-0.36902165429623,1.01163877898987,161.161231041236,-0.364776105819807,0.715756763131759
"TRE-1","Drought","F1","diam",-0.879985490253886,1.02859499897979,163.264348919767,-0.855521843997586,0.393516095021581
"Tri-1","Drought","F1","diam",0.403877021862288,1.02081464390866,160.480919975555,0.395641877075604,0.692894698697666
"aaCol-0","Salt1","F1","diam",0.894310023962676,0.995296575868996,163.273122273913,0.898536220906669,0.370222908449202
"Abd-0","Salt1","F1","diam",0.499094852536046,1.01831530782706,161.617391414577,0.490118187068251,0.62471495061839
"Ang-1","Salt1","F1","diam",0.332709150082678,0.990031061851488,161.75821484104,0.336059304503505,0.737261664394648
"Dja-1","Salt1","F1","diam",-1.96607005051714,1.07867958418574,163.533945240774,-1.82266363370663,0.0701808088279608
"Sap-0","Salt1","F1","diam",-5.84793804368137,1.43942229449918,161.769420912059,-4.06269797684081,7.54670778811013e-05
"Tol-0","Salt1","F1","diam",-1.05348482719818,1.01950650215046,162.674550562335,-1.03332820828122,0.302984082509112
"TRE-1","Salt1","F1","diam",-0.91097030692373,1.0044525201794,157.769043124312,-0.906932173121556,0.365825772261486
"aaCol-0","Salt2","F1","diam",0.297184785887058,0.985412880776379,163.58854209053,0.301584028060314,0.763352215282291
"Fei-0","Salt2","F1","diam",-0.294268349021181,0.95336222151728,158.056231465922,-0.308663740160431,0.757983787086017
"Abd-0","Cd1","F1","biomass",139.375589634048,72.118629178598,175.348730112119,1.93258789332909,0.054898338275908
"Ang-1","Cd1","F1","biomass",6.94917127055807,66.3802474072995,174.549039331517,0.104687336097423,0.916744108454098
"Dja-1","Cd1","F1","biomass",27.5387997052301,69.9432872110402,175.340328921342,0.393730417933277,0.694258459944501
"Fei-0","Cd1","F1","biomass",-190.15077620406,66.5621474111389,173.366580496902,-2.85674040877231,0.00480388286385699
"Ler-0","Cd1","F1","biomass",-43.3368607837408,80.5302788165846,176.419970502544,-0.538143682358838,0.591156127681813
"Tol-0","Cd1","F1","biomass",-93.3119598366613,68.5365544124817,175.109896909008,-1.36149184382791,0.175107530607685
"TRE-1","Cd1","F1","biomass",-118.336984652257,62.2575198615645,171.927914291333,-1.90076612295817,0.0590058535527006
"Tri-1","Cd1","F1","biomass",-12.4200816499388,63.8664718011494,174.595150083116,-0.194469512714107,0.846034358217741
"aaCol-0","Cd2","F1","biomass",83.1900314957522,68.7566327223312,176.6343895703,1.20992009355242,0.227926295755204
"Abd-0","Cd2","F1","biomass",98.1443453750005,72.8495518901989,175.216496227046,1.34721961670988,0.179649183676295
"Ang-1","Cd2","F1","biomass",32.1939152533505,68.1360653018028,176.413422339837,0.472494487475177,0.637157870151098
"Fei-0","Cd2","F1","biomass",-121.268449662915,69.1835457345908,174.050399044548,-1.75285103380128,0.0813882734304793
"Ler-0","Cd2","F1","biomass",-14.5266818779989,66.5205182609946,176.767894156547,-0.218378964231805,0.827385763465387
"Tol-0","Cd2","F1","biomass",-72.588061065756,72.4089672227472,175.284338604131,-1.00247336552195,0.317496902230536
"TRE-1","Cd2","F1","biomass",-1.9646451199689,65.9080759746536,171.041768724022,-0.0298088677436806,0.976254239781336
"aaCol-0","Drought","F1","biomass",67.5990767897417,66.9628885911398,173.325894992884,1.00950060865036,0.314141806989326
"Abd-0","Drought","F1","biomass",98.1786911672101,67.3018467185573,173.412563297321,1.45878153355544,0.146434141894405
"Ang-1","Drought","F1","biomass",-2.14875751436988,65.4463602596239,176.338759327701,-0.0328323455398561,0.973845416896312
"Dja-1","Drought","F1","biomass",53.4212424199442,67.9100291631799,174.277432243237,0.786647319670253,0.432556725023619
"Ler-0","Drought","F1","biomass",21.7607266691289,66.5174561474763,172.64667040632,0.327143097909263,0.743955963653722
"Sap-0","Drought","F1","biomass",-232.587168996006,90.3616126872972,175.735293935504,-2.57395991593124,0.0108787617846909
"Tol-0","Drought","F1","biomass",-72.5740592049034,63.6976963414173,174.665122425495,-1.13935139531435,0.256116734080879
"TRE-1","Drought","F1","biomass",-40.1008584866561,63.8044964895412,174.858613326348,-0.628495806611834,0.530499278052326
"Tri-1","Drought","F1","biomass",-11.77311344104,66.7400769470171,173.92175412438,-0.176402455310118,0.860183015162877
"aaCol-0","Salt1","F1","biomass",52.2850334422255,68.1305785025475,176.380995706803,0.767423887942923,0.443855611713616
"Abd-0","Salt1","F1","biomass",106.790582785115,70.532149576005,175.425988660713,1.51406958992562,0.131807804378298
"Ang-1","Salt1","F1","biomass",37.2698356488522,64.9898839630142,174.820509065197,0.573471337017041,0.56706257870984
"Dja-1","Salt1","F1","biomass",-20.275436875206,68.0979826999007,175.917887208226,-0.297739170403289,0.766253571770043
"Sap-0","Salt1","F1","biomass",-206.396288077625,94.0937330465291,176.802551306395,-2.1935179038498,0.0295748167637455
"Tol-0","Salt1","F1","biomass",-111.507990905113,64.4572431271555,174.6153713852,-1.72995284153156,0.0854056455796529
"TRE-1","Salt1","F1","biomass",-77.1865027253215,66.6031776434754,171.462461809438,-1.15890120346057,0.248107917989167
"aaCol-0","Salt2","F1","biomass",96.8194244351037,67.4533126915932,176.466200297895,1.43535462635878,0.152956150663823
"Fei-0","Salt2","F1","biomass",34.6382923896555,63.2533292608495,171.970300221299,0.547612161990891,0.584668262524516
"Abd-0","Cd1","F1","fruit",-117.289009894554,57.3963070956246,174.595391295881,-2.0434940125877,0.0425061739113431
"Ang-1","Cd1","F1","fruit",-40.8837184583618,55.9646654605965,175.662332697081,-0.730527344743034,0.466041098331307
"Dja-1","Cd1","F1","fruit",74.4465548633215,59.2026953138588,176.103740008752,1.25748590446176,0.210242761641128
"Fei-0","Cd1","F1","fruit",-85.4750050465025,53.8240188954349,173.179342524457,-1.588045760993,0.11410005755721
"Ler-0","Cd1","F1","fruit",-55.3605519126283,68.561339268459,177.553278224482,-0.807460188253592,0.420481796861105
"Tol-0","Cd1","F1","fruit",8.16377599484345,57.8890254171961,175.484093058562,0.141024588616038,0.888012271568495
"TRE-1","Cd1","F1","fruit",35.9346917154304,52.5049065176067,172.420079014327,0.684406355497085,0.494637504521581
"Tri-1","Cd1","F1","fruit",-49.9093782257304,54.0250995823787,175.195228967488,-0.923818347611325,0.356851517097643
"aaCol-0","Cd2","F1","fruit",76.0862245716328,55.9068457084887,176.70871454638,1.36094647457601,0.175263711512331
"Abd-0","Cd2","F1","fruit",-78.1391445138281,61.5223621470553,175.17668189936,-1.27009337396789,0.205735800359878
"Ang-1","Cd2","F1","fruit",-34.7646893212222,55.5277347862317,176.162528942973,-0.626077931236666,0.53207418311795
"Fei-0","Cd2","F1","fruit",-123.829230778987,55.3257667580971,172.482531881049,-2.2381837258652,0.026488589873378
"Ler-0","Cd2","F1","fruit",-55.9762502742676,56.8106264159897,177.995602822489,-0.98531302690429,0.325807781865796
"Tol-0","Cd2","F1","fruit",-43.4954576935988,67.2665539976509,175.577684891267,-0.646613437268063,0.518726522150536
"TRE-1","Cd2","F1","fruit",-88.0544081095303,55.5329330772558,171.801200058552,-1.58562501978837,0.114663305990277
"aaCol-0","Drought","F1","fruit",74.6457209556395,54.2215452779961,174.692015947454,1.37668007381434,0.170373000415373
"Abd-0","Drought","F1","fruit",-70.0880171505018,56.9611895014033,174.297444199832,-1.23045213353164,0.220185852295559
"Ang-1","Drought","F1","fruit",-86.0703272096811,55.6981094362968,176.566423673691,-1.54530069477711,0.124063978767502
"Dja-1","Drought","F1","fruit",26.9050769128153,57.3800868877862,174.199821103783,0.468892230251089,0.639732938286441
"Ler-0","Drought","F1","fruit",15.4235418931682,56.1016308930936,172.113112976682,0.274921453220478,0.783706323128638
"Sap-0","Drought","F1","fruit",64.6304036489398,78.06781730411,174.721923077675,0.827875120386351,0.408870574329957
"Tol-0","Drought","F1","fruit",82.1829803788023,53.8573035043959,175.625342808256,1.52593938112952,0.128823804895483
"TRE-1","Drought","F1","fruit",-20.9912360455445,57.1608453229053,176.341146715933,-0.367231028984327,0.713887025897919
"Tri-1","Drought","F1","fruit",-82.5242141366172,56.3877678212358,174.095086956686,-1.46351269655222,0.145130301254891
"aaCol-0","Salt1","F1","fruit",44.5940518022872,55.3458016158426,176.467888976269,0.805735042231682,0.421480031392955
"Abd-0","Salt1","F1","fruit",72.0652487427047,56.7652428742123,175.389789525433,1.26953123238451,0.205933580017469
"Ang-1","Salt1","F1","fruit",24.7538810584089,55.0982024762292,175.097973974195,0.449268396171153,0.653793642133827
"Dja-1","Salt1","F1","fruit",-23.1818038646189,57.8324177003182,177.002199305234,-0.400844453447281,0.689018091842524
"Sap-0","Salt1","F1","fruit",17.0297165723224,77.5553785335287,175.317407041974,0.21958137390768,0.826452650312566
"Tol-0","Salt1","F1","fruit",5.65926583922313,54.4320010230771,174.844976007593,0.103969461582421,0.917312745852993
"TRE-1","Salt1","F1","fruit",30.1878403691812,56.1225260049843,171.833164391006,0.537891690165553,0.591347806709698
"aaCol-0","Salt2","F1","fruit",40.0487595264204,54.7375489645878,176.731688892979,0.731650581437794,0.465350905934762
"Fei-0","Salt2","F1","fruit",-95.938841538876,53.2420263068163,172.304062350779,-1.80193820922615,0.0733031962541379
"aaCol-0","Cd1","F2","flt",1.44572674719088,3.25014814715254,248.155127777923,0.444818722634993,0.656838486872297
"Abd-0","Cd1","F2","flt",0.55581893094054,3.39460313672195,242.51792730035,0.163736056485612,0.870075301832337
"Ang-1","Cd1","F2","flt",0.0836179871047384,3.45090963090667,245.362341563777,0.0242307090153413,0.980688277484241
"Dja-1","Cd1","F2","flt",-4.17088293934937,3.31012656424916,245.157999079812,-1.26003730020379,0.208854008252692
"Fei-0","Cd1","F2","flt",7.4991864072287,3.25036448599383,241.879257327568,2.30718322192588,0.0218899230201636
"Ler-0","Cd1","F2","flt",-0.0214507714823183,3.45346762144249,248.78685162361,-0.00621137182498281,0.995049051892396
"Sap-0","Cd1","F2","flt",-0.258798161576745,3.28453733318313,244.390449643404,-0.0787928817134003,0.937261842055395
"Tol-0","Cd1","F2","flt",-3.63692803565548,3.24593485479704,244.160750837619,-1.12045626247878,0.26362026782323
"TRE-1","Cd1","F2","flt",2.45738154063382,3.39743492089523,241.517644913903,0.723304963259249,0.47019246018288
"Tri-1","Cd1","F2","flt",1.28053252478068,3.23724625253611,244.527978010229,0.395562285006119,0.692772846421463
"aaCol-0","Cd2","F2","flt",2.75995481493459,3.2586085309024,247.514989069476,0.846973420943659,0.397828118217875
"Abd-0","Cd2","F2","flt",-8.23440532621577,3.53523255093538,240.959226851035,-2.32924007334031,0.0206738108920947
"Ang-1","Cd2","F2","flt",6.51454835907841,4.01475424795842,247.178429653889,1.62265183787804,0.105938555022697
"Dja-1","Cd2","F2","flt",-0.369165606509534,3.35005128300466,244.231806400048,-0.110197001574982,0.912343635786801
"Fei-0","Cd2","F2","flt",0.740637063099201,3.23629502983794,242.304029105391,0.228853382114637,0.819175911420727
"Ler-0","Cd2","F2","flt",0.814717174281107,3.41389150715634,248.766341608809,0.238647646702674,0.81157528976926
"Tol-0","Cd2","F2","flt",-2.90792273788934,3.22324433389584,244.174246815922,-0.902172605194538,0.367854251991295
"TRE-1","Cd2","F2","flt",3.51429829145633,3.43266277347974,243.294529820295,1.0237819801605,0.306955122193862
"Tri-1","Cd2","F2","flt",4.10585111537278,3.62762223254617,242.790395139625,1.13182984670676,0.258822612159292
"aaCol-0","Drought","F2","flt",2.16805756323471,3.38592329320579,244.878538455592,0.640315026505517,0.522566494878804
"Abd-0","Drought","F2","flt",-4.74233975000261,3.5754350299876,247.134251587245,-1.32636720013873,0.185942518172758
"Ang-1","Drought","F2","flt",2.9594515832005,3.28826612045172,244.462020592126,0.900003672085383,0.369004005081213
"Dja-1","Drought","F2","flt",-0.894221283292907,3.3063979762321,245.587595616693,-0.270451799729185,0.787039839180991
"Fei-0","Drought","F2","flt",4.70177096462033,3.2933038112919,247.426507054477,1.4276760463153,0.154646018992471
"Ler-0","Drought","F2","flt",-0.46482469182387,3.41340010640564,239.020079028307,-0.136176444991483,0.891796418238607
"Sap-0","Drought","F2","flt",1.46236046784908,3.34223370762893,246.11181871913,0.437539859798289,0.662103588944965
"Tol-0","Drought","F2","flt",-3.68474366349917,3.24436613642384,243.075521571791,-1.13573607557153,0.257185593405625
"TRE-1","Drought","F2","flt",9.52904795198079,3.51400666392494,245.85961194367,2.71173303392014,0.00716557816654089
"Tri-1","Drought","F2","flt",8.88919254956677,3.28684812579393,246.31168360758,2.70447316376068,0.00731843966962824
"aaCol-0","Salt1","F2","flt",2.56850415219081,3.25644335067242,248.102120820027,0.788745227722278,0.431013958865679
"Abd-0","Salt1","F2","flt",-1.48736665054349,3.41161204864604,241.372287018847,-0.435971801405079,0.663246849090359
"Ang-1","Salt1","F2","flt",-2.16239149307599,3.23509871150374,243.470756430726,-0.668415923565705,0.504501329138306
"Dja-1","Salt1","F2","flt",-2.36733748166018,3.38942066882328,244.79878674772,-0.698449001457839,0.485559407101071
"Fei-0","Salt1","F2","flt",9.81265353315915,3.28930876125552,243.448393953555,2.98319624133238,0.00314259310218892
"Ler-0","Salt1","F2","flt",0.709694467536921,3.39264764400157,248.725332206972,0.20918602283727,0.834474247110088
"Sap-0","Salt1","F2","flt",4.53820784514976,3.27436369314253,243.989118759087,1.38598160450352,0.167017914678055
"Tol-0","Salt1","F2","flt",-4.63329555790763,3.26339931856992,244.439358898794,-1.41977585505473,0.156947011074695
"TRE-1","Salt1","F2","flt",2.69120631526499,3.40655689936931,242.726872651725,0.790007739416666,0.430294350677769
"Tri-1","Salt1","F2","flt",0.59342747181113,3.27083890610856,244.808604592711,0.18142974595993,0.856180396788992
"aaCol-0","Salt2","F2","flt",4.81106852023809,3.29431769490915,247.894164518967,1.46041425442144,0.145442470643538
"Ang-1","Salt2","F2","flt",2.8227531693642,3.26098541146304,244.761327788975,0.865613553327053,0.387549773798524
"Fei-0","Salt2","F2","flt",6.22636507802223,3.2343065481611,241.820968015435,1.92510047681235,0.0553897651031938
"Sap-0","Salt2","F2","flt",6.26252639478273,3.43929687576737,244.040944842408,1.82087403937336,0.0698505680395888
"Tol-0","Salt2","F2","flt",-1.00556668858859,3.26284780185736,244.177862945833,-0.308186820119582,0.758202922329271
"TRE-1","Salt2","F2","flt",-8.20620416272097,3.52022716502031,242.304139887901,-2.33115755831445,0.0205660656851358
"Tri-1","Salt2","F2","flt",2.12021322060895,3.20475570877661,244.039571911342,0.661583413301205,0.508862409296371
"aaCol-0","Cd1","F2","height",3.06300865924486,3.84566672965689,247.524379680957,0.796483126221949,0.426514534136693
"Abd-0","Cd1","F2","height",1.51786924012236,4.22968156275843,246.388879816134,0.358861351049904,0.720006130125615
"Ang-1","Cd1","F2","height",4.27472990794377,4.09236616683584,247.068293081431,1.04456193157538,0.297246399043316
"Dja-1","Cd1","F2","height",-2.57735954079667,3.92544688320733,246.931979250662,-0.656577357299716,0.512064113844967
"Fei-0","Cd1","F2","height",4.16557088367868,3.86388717400044,244.671253282763,1.07807777403756,0.282060768303491
"Ler-0","Cd1","F2","height",-3.32666205703796,4.25467727041511,247.857795115685,-0.781883523850305,0.43502929429931
"Sap-0","Cd1","F2","height",5.83813395211518,3.90070177513046,245.59734911584,1.49668810605751,0.135758418811155
"Tol-0","Cd1","F2","height",2.05480289648363,3.85485886133894,245.25088934487,0.533042316306729,0.594486967774485
"TRE-1","Cd1","F2","height",-1.18825994335733,4.04314827317464,244.174727906188,-0.29389472338701,0.769088014312526
"Tri-1","Cd1","F2","height",-2.17588911086705,3.84208843135299,246.15473956245,-0.566329783851645,0.571685579393229
"aaCol-0","Cd2","F2","height",-0.549219286853622,3.85673578134291,247.50854307726,-0.142405214666374,0.88687579675495
"Abd-0","Cd2","F2","height",-5.11798483708323,4.20388524891428,245.020402179128,-1.21744161270935,0.224607439715741
"Ang-1","Cd2","F2","height",5.50614675695202,4.10202806075973,246.625122291206,1.34229865700437,0.180733489594574
"Dja-1","Cd2","F2","height",7.50052077504009,3.97815556506841,246.820184072031,1.88542671405338,0.0605467738577074
"Fei-0","Cd2","F2","height",-1.57760897088604,3.84749291374797,244.766353699569,-0.410035575438978,0.682138505344905
"Ler-0","Cd2","F2","height",-2.84865297627272,4.23803018479359,247.953820956683,-0.67216439054491,0.502104885591337
"Tol-0","Cd2","F2","height",-0.331278961129508,3.82651385129517,245.628898795081,-0.0865746143888591,0.931080176428394
"TRE-1","Cd2","F2","height",3.37451655915893,4.08090901187247,245.307136741197,0.826903160384501,0.409095561748117
"Tri-1","Cd2","F2","height",10.1571457626742,4.3192576444959,243.653408961629,2.35159525054442,0.0194901901301635
"aaCol-0","Drought","F2","height",6.76607139876215,3.83929171533419,245.509884658702,1.76232281900809,0.0792591247665767
"Abd-0","Drought","F2","height",-1.27462255431659,4.23755896351556,247.357259510943,-0.300791697600152,0.763826010113238
"Ang-1","Drought","F2","height",0.188517224306005,3.90381488815404,245.938121277237,0.0482905131793141,0.96152390726168
"Dja-1","Drought","F2","height",2.77189759846101,3.92490371893349,246.72129142428,0.706233272701583,0.480709448326088
"Fei-0","Drought","F2","height",4.970193663661,3.9006894693519,246.863806242199,1.27418337263509,0.203796629875777
"Ler-0","Drought","F2","height",1.03378340462816,4.0673937881612,243.24719043533,0.254163589381769,0.799583896766472
"Sap-0","Drought","F2","height",8.55281863675175,3.96676339435493,246.465143001545,2.15612018829336,0.0320422476886417
"Tol-0","Drought","F2","height",0.569730099360447,3.85630043872256,244.691196700038,0.147740070674881,0.882669573386673
"TRE-1","Drought","F2","height",-5.13120449787772,4.17157361872928,245.916750852846,-1.23004049954673,0.219857338312555
"Tri-1","Drought","F2","height",8.69113230027388,3.89683240485608,247.089303181018,2.23030692555403,0.0266256618372534
"aaCol-0","Salt1","F2","height",-2.35386058443103,3.85553121921046,247.564263367797,-0.61051524435926,0.542080606167516
"Abd-0","Salt1","F2","height",-1.10734696046018,4.05695020675183,245.173902552416,-0.272950591953842,0.785120960722685
"Ang-1","Salt1","F2","height",5.96575708211712,3.84007377580296,245.569242119054,1.55355272591597,0.121578941584181
"Dja-1","Salt1","F2","height",-0.773747835399111,4.02594869610448,245.745620313543,-0.192190187656339,0.847751950828698
"Fei-0","Salt1","F2","height",-1.77884739808944,3.9091497767259,245.475362466043,-0.455047132929071,0.649477521156585
"Ler-0","Salt1","F2","height",0.909434895456621,4.01527488873808,247.474099554788,0.226493806938941,0.821004342319889
"Sap-0","Salt1","F2","height",7.87978276548569,3.89074581379284,245.379930140897,2.02526280117081,0.0439230704386852
"Tol-0","Salt1","F2","height",1.82466261410081,3.87392860864685,246.031353159378,0.471010903512278,0.63805029565649
"TRE-1","Salt1","F2","height",-3.12143457562275,4.05022070961128,245.138558881193,-0.770682587300862,0.44163722837928
"Tri-1","Salt1","F2","height",-2.70809643242848,3.8835354843026,246.006253670149,-0.697327588063688,0.486256285080823
"aaCol-0","Salt2","F2","height",9.54433740714948,4.06858595384716,246.862535944826,2.34586107198364,0.0197751971343235
"Ang-1","Salt2","F2","height",4.17973118553631,3.86947811010759,246.478829894794,1.08017956597772,0.281118038503769
"Fei-0","Salt2","F2","height",-1.86991274173547,3.8440673201564,244.624493568932,-0.486441205628882,0.627089887038609
"Sap-0","Salt2","F2","height",17.0296217654496,4.08984427191722,245.158687347346,4.16388024414105,4.33598511977481e-05
"Tol-0","Salt2","F2","height",3.52651542413314,3.87855513623153,245.214784528891,0.909234315425915,0.364119240244219
"TRE-1","Salt2","F2","height",-16.7497242813937,4.18835180998254,244.367603861419,-3.99912066638536,8.42744657124903e-05
"Tri-1","Salt2","F2","height",3.62254470147228,3.80331463952924,246.181292946477,0.952470422463041,0.341792681265442
"aaCol-0","Cd1","F2","diam",-1.10951035830563,1.13494161629198,223.999954940745,-0.9775924526678,0.329330528913901
"Abd-0","Cd1","F2","diam",0.624274060810096,1.25168345563054,223.837765788648,0.498747553146828,0.618447003233352
"Ang-1","Cd1","F2","diam",-1.20069414357646,1.27862600054139,223.946906433274,-0.939050311090235,0.34871661659205
"Dja-1","Cd1","F2","diam",-0.865990254906026,1.16483387638675,223.948952461523,-0.743445286457742,0.457991364282366
"Fei-0","Cd1","F2","diam",2.51106822677037,1.14178414978676,223.999759363658,2.19924950546855,0.0288830632773416
"Ler-0","Cd1","F2","diam",-0.605896506215521,1.33160041452517,223.999918996034,-0.45501375608356,0.649540029445691
"Sap-0","Cd1","F2","diam",1.40429301200396,1.3454070785235,223.974351179911,1.04376811629762,0.297717934260895
"Tol-0","Cd1","F2","diam",0.768499104486434,1.13915649407222,223.99999641976,0.674621185487192,0.500612140068435
"TRE-1","Cd1","F2","diam",1.60163887755209,1.25630925059059,223.99436697839,1.2748762908489,0.203673854368198
"Tri-1","Cd1","F2","diam",1.69315254207318,1.19520901898627,223.945854351434,1.41661626977117,0.157984670363829
"aaCol-0","Cd2","F2","diam",0.462363406859079,1.14034540301771,223.999975152325,0.40545908777772,0.685527078617235
"Abd-0","Cd2","F2","diam",-0.288781340952156,1.3164402452674,223.999238397754,-0.219365324017041,0.826565240857828
"Ang-1","Cd2","F2","diam",2.86295870138692,1.40806545878535,223.945725183705,2.03325682305751,0.0432062078986022
"Dja-1","Cd2","F2","diam",0.545685372741172,1.18762568803807,223.968275652391,0.459475892309664,0.64633812498398
"Fei-0","Cd2","F2","diam",2.02659802479654,1.13827156090855,223.98350803154,1.78041698870079,0.0763632288564581
"Ler-0","Cd2","F2","diam",-2.59967938753126,1.32528071695561,223.960119932032,-1.96160658966136,0.0510472463768647
"Tol-0","Cd2","F2","diam",-0.786495097914297,1.12922523951977,223.999168707779,-0.696490895163458,0.486843560891251
"TRE-1","Cd2","F2","diam",1.40922371067409,1.20536302598459,223.899202939557,1.16912803885201,0.243595219907229
"Tri-1","Cd2","F2","diam",2.12072937359958,1.27573411728195,223.827129123769,1.66236000501262,0.0978403631117691
"aaCol-0","Drought","F2","diam",1.03720014500116,1.13304532576134,223.958434927731,0.915409226285123,0.360961410393334
"Abd-0","Drought","F2","diam",0.345137686703586,1.25249859168116,223.995035351618,0.275559341140916,0.783140578030786
"Ang-1","Drought","F2","diam",0.389777784010311,1.2173779390991,223.991508162803,0.320178123400822,0.749131775377527
"Dja-1","Drought","F2","diam",-1.29212307177453,1.21888615137808,223.951056533984,-1.06008511977403,0.290247830847705
"Fei-0","Drought","F2","diam",1.34000896722531,1.15449627879005,223.926727291841,1.16068712549656,0.24700504487728
"Ler-0","Drought","F2","diam",-0.591260273890444,1.51883921089725,223.986813186808,-0.38928430978626,0.697435688599716
"Sap-0","Drought","F2","diam",0.906731460716948,1.23470244490422,223.91502321327,0.734372450997523,0.463490100776313
"Tol-0","Drought","F2","diam",0.560133473742494,1.13831040791506,223.981134601227,0.492074455129019,0.623148647296138
"TRE-1","Drought","F2","diam",1.69795366458933,1.23065687129616,223.931722945519,1.37971330936543,0.169051029165506
"Tri-1","Drought","F2","diam",4.27835725791714,1.1545661287641,223.971736821758,3.70559741129498,0.000265774137843945
"aaCol-0","Salt1","F2","diam",-0.22470642925186,1.19279738833404,223.995969333067,-0.188386084216451,0.850744567884395
"Abd-0","Salt1","F2","diam",1.62125802640447,1.20045104079981,223.982278079894,1.35054073119408,0.178205521963839
"Ang-1","Salt1","F2","diam",1.06837437699291,1.13343702369699,223.982215401121,0.942597034203215,0.346902624587723
"Dja-1","Salt1","F2","diam",-0.535146719261708,1.18990124648593,223.984259502015,-0.449740447656583,0.653332528649255
"Fei-0","Salt1","F2","diam",2.55362586833091,1.15796346825689,223.956096587514,2.20527325631001,0.0284519834472329
"Ler-0","Salt1","F2","diam",-1.97385431012277,1.37178971095327,223.946320916392,-1.43888986363013,0.151577889509345
"Sap-0","Salt1","F2","diam",1.65934435181358,1.34334485893555,223.937114570411,1.23523333623238,0.218038043277494
"Tol-0","Salt1","F2","diam",-0.118147112085619,1.14455207145754,223.986873611016,-0.103225633006948,0.917876257428392
"TRE-1","Salt1","F2","diam",0.196126932597383,1.24990125545028,223.99449540262,0.156913941595112,0.875454014861666
"Tri-1","Salt1","F2","diam",1.27348965184379,1.14795834148437,223.926058490108,1.10935179947132,0.268468400711945
"aaCol-0","Salt2","F2","diam",0.518054557715432,1.20436429534582,223.908815733503,0.430147721679742,0.667501894643609
"Ang-1","Salt2","F2","diam",1.92006114911536,1.19841626804878,223.988204542113,1.60216545811877,0.110528307689303
"Fei-0","Salt2","F2","diam",1.83358213873232,1.13633373967726,223.998616568909,1.61359473428387,0.108023201468283
"Sap-0","Salt2","F2","diam",3.43391352399097,1.4689176974848,223.936735786088,2.33771676239641,0.0202840095293325
"Tol-0","Salt2","F2","diam",0.216735274667811,1.15166843113636,223.985230821336,0.188192424840504,0.850896197843215
"TRE-1","Salt2","F2","diam",-3.92919942320849,1.23629630477109,223.93888090255,-3.17820202814246,0.00169110025702049
"Tri-1","Salt2","F2","diam",2.67316945715545,1.12239706678312,223.998204312905,2.38166112177839,0.018071384871708
"aaCol-0","Cd1","F2","biomass",-177.165587552319,59.3363229220736,230.999999998603,-2.98578642604784,0.00313300981639311
"Abd-0","Cd1","F2","biomass",-28.4279335234336,69.1886533921916,230.999999996362,-0.410875658502726,0.681544598761059
"Ang-1","Cd1","F2","biomass",40.6899223799348,74.1495851264137,230.999999998399,0.548754552174023,0.583703898522399
"Dja-1","Cd1","F2","biomass",-57.4220385277736,63.608930074467,230.999999997835,-0.902735487934628,0.367606652563517
"Fei-0","Cd1","F2","biomass",185.155889045676,59.5441486791254,230.999999998182,3.10955640735505,0.00210915146919773
"Ler-0","Cd1","F2","biomass",-73.0945954906246,63.017412949032,230.999999998148,-1.15991107965259,0.247282455900373
"Sap-0","Cd1","F2","biomass",-13.3470859063867,63.1008509519028,230.999999998778,-0.211519903536011,0.832668098318684
"Tol-0","Cd1","F2","biomass",-44.5520024033105,62.3301115339615,230.999999997821,-0.714774950772159,0.475469837820233
"TRE-1","Cd1","F2","biomass",-16.3457468058053,65.2212565728474,230.999999998036,-0.250619930751384,0.802330738924093
"Tri-1","Cd1","F2","biomass",50.2307968779591,61.7752824234656,230.999999998587,0.813121282613169,0.416985793399178
"aaCol-0","Cd2","F2","biomass",-52.4465539950862,62.6968165205657,230.999999997199,-0.836510638110035,0.40373219449105
"Abd-0","Cd2","F2","biomass",-1.60428493661735,64.8491314567872,230.99999999712,-0.0247387266502772,0.98028472220097
"Ang-1","Cd2","F2","biomass",104.249568409882,63.3075478309636,230.999999998707,1.64671626025127,0.100976093899859
"Dja-1","Cd2","F2","biomass",25.9003289627535,64.4971826019138,231.000000000259,0.401573028741646,0.688369540528908
"Fei-0","Cd2","F2","biomass",238.83897888841,62.2232962589984,230.999999998477,3.83841733318445,0.000159896180966433
"Ler-0","Cd2","F2","biomass",-94.2837285674996,65.3195275008437,230.999999997062,-1.44342330961108,0.150256004864616
"Tol-0","Cd2","F2","biomass",-25.6642246683984,62.1875477017422,230.999999997224,-0.412690733384224,0.680215987115783
"TRE-1","Cd2","F2","biomass",77.3126835969992,65.4362281676173,230.999999998736,1.1814966382072,0.238620404132379
"Tri-1","Cd2","F2","biomass",139.019346809029,68.9235037530204,230.999999999355,2.01700928187269,0.0448516416115893
"aaCol-0","Drought","F2","biomass",-70.5580187922547,62.3448004554327,230.99999999837,-1.13173862578473,0.258917820856551
"Abd-0","Drought","F2","biomass",-74.446938244783,65.3636952489237,230.999999998525,-1.13896464943219,0.255897649618163
"Ang-1","Drought","F2","biomass",19.6027408422149,62.7845902266945,230.999999998104,0.31222216743688,0.755153334416979
"Dja-1","Drought","F2","biomass",2.83443313860652,63.5984924910016,230.99999999793,0.0445676151680413,0.964490458173614
"Fei-0","Drought","F2","biomass",156.631804295422,60.2491891761465,230.999999998708,2.59973298292012,0.00993085377305349
"Ler-0","Drought","F2","biomass",-13.0539308152802,62.6973245484445,230.999999997226,-0.208205547992623,0.835251933386259
"Sap-0","Drought","F2","biomass",-13.9482662289682,61.3619238529365,230.999999996302,-0.227311422999016,0.820382641082739
"Tol-0","Drought","F2","biomass",-32.9417107065937,59.491067918469,230.99999999721,-0.5537253214506,0.580302420265191
"TRE-1","Drought","F2","biomass",48.5052526042657,64.276535724392,230.999999996099,0.754633896454047,0.451237314791338
"Tri-1","Drought","F2","biomass",195.142547226878,63.096051204409,230.999999997728,3.09278542003659,0.00222695355614061
"aaCol-0","Salt1","F2","biomass",-68.2015347164398,62.2612459160436,230.999999998457,-1.09540908976358,0.274478219909954
"Abd-0","Salt1","F2","biomass",-31.1796565187627,62.648368919571,230.99999999757,-0.497693029467243,0.619173857485206
"Ang-1","Salt1","F2","biomass",69.3735753038883,59.2368295785477,230.999999998306,1.17112235407365,0.242756217424283
"Dja-1","Salt1","F2","biomass",-58.3578613386818,65.472292491725,230.999999996081,-0.891336764266466,0.373675995246593
"Fei-0","Salt1","F2","biomass",165.04439244932,64.0325094163131,230.999999999029,2.5775093613194,0.0105731493227396
"Ler-0","Salt1","F2","biomass",-61.5322021717586,64.520170182274,230.99999999867,-0.953689396632492,0.341237772277612
"Sap-0","Salt1","F2","biomass",78.0312748403462,60.1259119834103,230.999999997141,1.29779777580548,0.195651241830861
"Tol-0","Salt1","F2","biomass",-16.4201713002273,59.7839507014624,230.999999998051,-0.274658518006333,0.783824083139895
"TRE-1","Salt1","F2","biomass",1.49326687976974,62.5235698382946,230.999999996593,0.0238832632818599,0.980966342564687
"Tri-1","Salt1","F2","biomass",29.3215902714769,65.5668476477664,230.999999998222,0.447201464206367,0.655148631812676
"aaCol-0","Salt2","F2","biomass",-77.7016824655971,60.2938443596071,230.999999997088,-1.28871667233831,0.198785752446097
"Ang-1","Salt2","F2","biomass",72.9789353898496,59.6421781564479,230.999999997408,1.22361284657341,0.222344963867352
"Fei-0","Salt2","F2","biomass",180.607337918428,59.3327976217573,230.999999996672,3.04397138105282,0.0026052343759773
"Sap-0","Salt2","F2","biomass",146.535638494608,63.1628045134412,230.99999999729,2.31996725958272,0.0212152733664482
"Tol-0","Salt2","F2","biomass",-12.8845607979371,63.276028460388,230.99999999715,-0.203624676065173,0.838826073346564
"TRE-1","Salt2","F2","biomass",-123.919994096281,64.5604162445204,230.999999995879,-1.91944230388693,0.0561603742373773
"Tri-1","Salt2","F2","biomass",125.561520328024,61.3337455452925,230.999999997221,2.04718494218329,0.041771586304787
"aaCol-0","Cd1","F2","fruit",-87.5402534963927,59.9955404836955,247.999999998873,-1.45911267388587,0.145799508960232
"Abd-0","Cd1","F2","fruit",81.9601057054822,65.9876766406036,247.999999997953,1.24205169628673,0.215390766005807
"Ang-1","Cd1","F2","fruit",50.1960601047249,63.8447981348656,247.999999997632,0.786220045659646,0.432489164739772
"Dja-1","Cd1","F2","fruit",-25.7780687682883,61.2408299589205,247.999999999905,-0.420929448304014,0.674171146638477
"Fei-0","Cd1","F2","fruit",22.9507204745606,60.2819462510047,247.999999998693,0.380722951097122,0.703734749377354
"Ler-0","Cd1","F2","fruit",-83.2638888430045,66.37579154392,247.999999999435,-1.25443157672794,0.210866167827268
"Sap-0","Cd1","F2","fruit",-66.9227181648447,60.8557750928832,247.999999999594,-1.09969379344362,0.272531900774352
"Tol-0","Cd1","F2","fruit",-28.9131819471506,60.1407749595443,247.999999998541,-0.4807583867451,0.63111206944744
"TRE-1","Cd1","F2","fruit",15.7497295250913,63.0789274170559,247.999999998413,0.249682899979569,0.803039270528331
"Tri-1","Cd1","F2","fruit",65.6902067540677,59.9409705910291,247.999999998706,1.09591496611333,0.274179077498535
"aaCol-0","Cd2","F2","fruit",-11.6904197732908,60.1682465193808,247.999999998927,-0.19429550385061,0.846103565859886
"Abd-0","Cd2","F2","fruit",80.2247356795644,65.5861745475764,247.999999998183,1.22319583712523,0.222416749109661
"Ang-1","Cd2","F2","fruit",130.850419588779,63.9959511485942,247.99999999862,2.0446671584731,0.0419435995059429
"Dja-1","Cd2","F2","fruit",-58.0414401418346,62.063237234246,247.999999999531,-0.935198399702678,0.350595779169434
"Fei-0","Cd2","F2","fruit",36.7524676140698,60.0261231674156,247.999999997999,0.612274551057803,0.540917084188183
"Ler-0","Cd2","F2","fruit",-105.759229184639,66.1157507733045,247.999999997626,-1.59960717299063,0.110958904448576
"Tol-0","Cd2","F2","fruit",18.1020258541886,59.6983319996261,248.000000000155,0.303224985487065,0.761972619092952
"TRE-1","Cd2","F2","fruit",46.9061351266839,63.6674103649797,247.999999998372,0.73673697198912,0.461978681943682
"Tri-1","Cd2","F2","fruit",126.001294753673,67.3869101667579,248.000000000914,1.86981855143478,0.0626872559118127
"aaCol-0","Drought","F2","fruit",-79.8870034500015,59.8977527918608,247.999999999382,-1.3337228815178,0.183518287699113
"Abd-0","Drought","F2","fruit",67.1345441549668,66.109606578571,247.999999997519,1.01550361028359,0.310855512495541
"Ang-1","Drought","F2","fruit",81.8548026261328,60.9041236551253,247.999999997984,1.3439944245753,0.180178414938567
"Dja-1","Drought","F2","fruit",37.9906882163118,61.2325427237104,247.999999998169,0.620432967935546,0.53554249015483
"Fei-0","Drought","F2","fruit",59.0335179249091,60.8546568681962,247.999999998903,0.97007395921677,0.332954764003955
"Ler-0","Drought","F2","fruit",-1.99023782004823,63.4576466855712,247.99999999978,-0.0313632465746759,0.975005077369974
"Sap-0","Drought","F2","fruit",-66.2695236875662,61.8858085032264,248.000000000479,-1.07083554841352,0.285284410575182
"Tol-0","Drought","F2","fruit",-16.9723053155869,60.1635718698472,248.000000000383,-0.282102687524991,0.778100047973466
"TRE-1","Drought","F2","fruit",-33.3115105827952,65.0814919523155,247.999999997842,-0.511843069104842,0.609216309956265
"Tri-1","Drought","F2","fruit",94.1985518217574,60.7942664303455,247.999999998545,1.54946440433959,0.122545273305569
"aaCol-0","Salt1","F2","fruit",-47.62620551966,60.1493771797826,247.999999998564,-0.791798814097581,0.429234671136178
"Abd-0","Salt1","F2","fruit",29.1348883785294,63.2937017907947,247.99999999847,0.460312599108665,0.645695198028064
"Ang-1","Salt1","F2","fruit",91.0779753508085,59.909920250391,247.99999999826,1.52024864947494,0.129722382900092
"Dja-1","Salt1","F2","fruit",-83.4757703689493,62.8096838438488,247.999999999325,-1.32902707449505,0.18506044598378
"Fei-0","Salt1","F2","fruit",72.2364708943619,60.9876473066208,247.999999998901,1.18444429461571,0.237371125683589
"Ler-0","Salt1","F2","fruit",-66.4351127730227,62.6416374737369,247.999999998681,-1.06055836744172,0.289922414044296
"Sap-0","Salt1","F2","fruit",52.355349004071,60.7005815999351,247.999999999192,0.862518078477965,0.38923576977546
"Tol-0","Salt1","F2","fruit",54.6308244518659,60.4377982787374,247.999999998771,0.903918177163074,0.366915987717156
"TRE-1","Salt1","F2","fruit",32.5051872060591,63.1887362093822,248.000000000109,0.51441426361733,0.607420493587034
"Tri-1","Salt1","F2","fruit",48.7989814011438,60.5876946249753,247.999999998736,0.805427268741597,0.421344708223093
"aaCol-0","Salt2","F2","fruit",-109.222575479121,63.4740088729953,247.999999998095,-1.72074487523962,0.0865443769431419
"Ang-1","Salt2","F2","fruit",52.7020104855387,60.36804263485,247.99999999831,0.873011749019575,0.383501167751847
"Fei-0","Salt2","F2","fruit",-45.7447248740699,59.9727532763082,247.999999999788,-0.762758459050787,0.44633235498322
"Sap-0","Salt2","F2","fruit",104.783107070503,63.8069056922184,247.999999999322,1.64219069916883,0.101817862755735
"Tol-0","Salt2","F2","fruit",34.3300914982211,60.5104886134763,248.000000000179,0.567341171503537,0.570995600969907
"TRE-1","Salt2","F2","fruit",98.8448645178729,65.344207386579,247.999999998517,1.51267982995191,0.131634272791277
"Tri-1","Salt2","F2","fruit",160.65087208078,59.3360362131817,248.00000000045,2.70747563088974,0.00725121832148525
"aaCol-0","Cd1","F3","flt",-2.45557053552343,4.38104345381995,255.63484213215,-0.560499013855331,0.575630002766336
"Abd-0","Cd1","F3","flt",3.99628569139801,4.59954748375114,255.094000706342,0.868843229799392,0.385749589450427
"Ang-1","Cd1","F3","flt",5.33019746905982,4.37881197418234,253.973334927716,1.21727023231116,0.224631261297489
"Dja-1","Cd1","F3","flt",2.63214888524778,4.65972104384056,254.099086727256,0.564872630890014,0.572658744673046
"Fei-0","Cd1","F3","flt",3.23060458084622,4.67856824743953,250.275171800892,0.690511372280239,0.490512532778209
"Ler-0","Cd1","F3","flt",-1.29434235961255,4.65319000925188,255.604577948728,-0.278162369694558,0.78111259878878
"Sap-0","Cd1","F3","flt",-1.94070500284856,4.4014332574472,254.142029097897,-0.440925691549428,0.659641641714502
"Tol-0","Cd1","F3","flt",-4.41800988305301,4.38725659573684,253.740162684789,-1.00700968512898,0.31488944596573
"TRE-1","Cd1","F3","flt",3.19967902130849,4.36628586188031,250.677078902139,0.732814827641765,0.46435605365974
"Tri-1","Cd1","F3","flt",1.23549796974684,4.39383848987591,254.02434147048,0.28118875388652,0.77879453422968
"aaCol-0","Cd2","F3","flt",-1.44843082079898,4.39254816024873,255.852257386561,-0.329747282888518,0.741860732137618
"Abd-0","Cd2","F3","flt",-12.7644036768874,4.36835728574214,254.571810763476,-2.92201457938184,0.0037902254045406
"Ang-1","Cd2","F3","flt",9.68863840698855,4.66189274585709,254.94319390475,2.07826282910489,0.0386856720315842
"Dja-1","Cd2","F3","flt",2.32520669358672,4.46659592927132,254.403557974019,0.520576906979372,0.603114302356163
"Fei-0","Cd2","F3","flt",5.07055814927313,4.59226637044949,249.123784275408,1.1041515757669,0.270592721992965
"Ler-0","Cd2","F3","flt",-1.66435475970858,4.62743976891271,255.643936312397,-0.359670755930691,0.719390295126328
"Tol-0","Cd2","F3","flt",-5.85457656515147,4.3163448953738,253.303214663761,-1.3563736696357,0.176188033011737
"TRE-1","Cd2","F3","flt",5.46800441774835,4.47388059373807,251.711742822017,1.22220615932435,0.222772933647601
"Tri-1","Cd2","F3","flt",-0.4546151186075,4.37734073245715,254.045574699369,-0.103856461352577,0.917365200271428
"aaCol-0","Drought","F3","flt",1.8086883317578,4.48816196166733,252.648277435254,0.402990878494473,0.687295737940652
"Abd-0","Drought","F3","flt",-4.85300386580226,4.36901335263661,253.692806618236,-1.11077798901062,0.26771557743145
"Ang-1","Drought","F3","flt",10.204994109148,4.31852030995297,253.578440935044,2.36307655787293,0.0188791703673204
"Dja-1","Drought","F3","flt",5.01216686324961,4.45776714675294,253.487341388445,1.12436713229862,0.261920897033353
"Fei-0","Drought","F3","flt",15.0597649818765,4.89441316034433,255.892738086749,3.0769296519334,0.00231863204567435
"Ler-0","Drought","F3","flt",-2.32017935551464,4.62348495124507,249.090908847302,-0.501824788007547,0.616234040655271
"Sap-0","Drought","F3","flt",-0.822344966355741,4.43845066875011,252.439511052911,-0.185277482556164,0.853160172874236
"Tol-0","Drought","F3","flt",0.360500204123535,4.66529882656569,254.645120524563,0.0772726930310944,0.938467293594862
"TRE-1","Drought","F3","flt",0.853673882143358,4.44303897307815,255.653845856706,0.192137383290143,0.847787120237676
"Tri-1","Drought","F3","flt",-4.315283342243,4.37590375507168,254.15043269524,-0.98614676733728,0.32499897932385
"aaCol-0","Salt1","F3","flt",1.61798153606785,4.39762786029773,255.645585468013,0.36792143115955,0.71323625889759
"Abd-0","Salt1","F3","flt",5.00400975504924,4.45377771104784,254.980201113396,1.12354277193415,0.262263751527019
"Ang-1","Salt1","F3","flt",6.8529796465588,4.36404667924716,254.355241542454,1.57032684346562,0.117582211329034
"Dja-1","Salt1","F3","flt",-0.702505347890839,4.41978201574538,254.012013759205,-0.158945700350872,0.873837955327355
"Fei-0","Salt1","F3","flt",3.38784981200145,4.62777656690912,250.202543725562,0.732068578294433,0.464811874893503
"Ler-0","Salt1","F3","flt",-0.812924079779605,4.62144827390452,255.879708056165,-0.175902451266168,0.860509707179564
"Sap-0","Salt1","F3","flt",0.918541753876947,4.4434085640199,254.516757710606,0.206720075510219,0.836393757588819
"Tol-0","Salt1","F3","flt",3.34197766354136,4.38133796401562,253.724944399756,0.762775592978531,0.446305810044338
"TRE-1","Salt1","F3","flt",0.970087078069368,4.45410003150159,251.171738356799,0.217796428281456,0.827764560049498
"Tri-1","Salt1","F3","flt",-4.62095057923776,4.40050927068914,254.023624530661,-1.05009449929283,0.294672648921562
"aaCol-0","Salt2","F3","flt",-2.50632507378201,4.36067549150536,255.778815084768,-0.574756153872114,0.565961404806695
"Ang-1","Salt2","F3","flt",-0.889047287601926,4.55224660333923,253.344181512182,-0.195298577838419,0.845315748851667
"Fei-0","Salt2","F3","flt",4.03096514462761,4.61385063312232,249.82694953055,0.873666155486212,0.383139103679895
"Sap-0","Salt2","F3","flt",8.23948144660367,4.5983927414133,254.095224836563,1.79181768716678,0.0743519867775318
"Tol-0","Salt2","F3","flt",-2.8114008724781,4.37154600892825,253.670997577987,-0.643113641429422,0.520731267967687
"TRE-1","Salt2","F3","flt",-26.1058413976856,4.37356648744988,251.888920003693,-5.96900526666218,8.06732801357212e-09
"Tri-1","Salt2","F3","flt",-3.38155628444769,4.39448223292037,254.098639202481,-0.769500502042185,0.442310967660718
"aaCol-0","Cd1","F3","height",2.99499842532413,3.40338707888802,254.185830045644,0.880005228880014,0.379687700987917
"Abd-0","Cd1","F3","height",-2.29998732194149,3.57278681639212,254.95914086979,-0.643751625870603,0.520315149928446
"Ang-1","Cd1","F3","height",4.9696502865013,3.41298447154283,252.985660830173,1.45610105405923,0.146604571266778
"Dja-1","Cd1","F3","height",-3.23921324631423,3.62948886715392,253.772645191411,-0.892470913915289,0.372986059439743
"Fei-0","Cd1","F3","height",-3.16396888520017,3.48691846060998,251.208437819403,-0.907382527277879,0.365074136745943
"Ler-0","Cd1","F3","height",-2.66257172708949,3.77315235211619,254.969231427724,-0.705662395422801,0.481042330330762
"Sap-0","Cd1","F3","height",-0.780975718757131,3.42994500987242,252.892313797431,-0.22769336432778,0.820068608810559
"Tol-0","Cd1","F3","height",-0.0283407165313081,3.42149616736166,252.848146828182,-0.00828313554802601,0.99339762112266
"TRE-1","Cd1","F3","height",-0.564112020716833,3.41592579386037,251.160073085176,-0.165141766759319,0.868965239013371
"Tri-1","Cd1","F3","height",-0.66027337417994,3.42388837576687,253.17614764654,-0.192843136725231,0.847236423914107
"aaCol-0","Cd2","F3","height",-0.103997101359734,3.57719958872263,254.995479955947,-0.02907221103558,0.976829739041238
"Abd-0","Cd2","F3","height",-1.8453499041816,3.40112162419217,253.477719095865,-0.542570983364909,0.587901936487996
"Ang-1","Cd2","F3","height",3.3075520898011,3.4543022617669,253.896884948514,0.957516696326763,0.339217380406374
"Dja-1","Cd2","F3","height",10.3665181927576,3.4815954416367,253.054458029713,2.97751946385945,0.00318785834594615
"Fei-0","Cd2","F3","height",3.64137154779787,3.42516055519277,250.758893351906,1.06312433800434,0.288748292094304
"Ler-0","Cd2","F3","height",-1.36118523826924,3.57991971185028,254.948303784286,-0.380227867614862,0.704092853083862
"Tol-0","Cd2","F3","height",1.65285136014327,3.367475567061,252.398157709209,0.490828018564012,0.623974558828859
"TRE-1","Cd2","F3","height",-1.21162403256295,3.49660806161288,252.360733677061,-0.346514110593244,0.729245126415239
"Tri-1","Cd2","F3","height",-2.32294647313361,3.41096797879183,253.111112916263,-0.681022656201072,0.496479711708532
"aaCol-0","Drought","F3","height",0.0143219385312777,3.50519212323915,251.737894040378,0.00408592112150554,0.996743151689993
"Abd-0","Drought","F3","height",-1.46848435219413,3.40643501646717,252.586431675268,-0.431091256723018,0.666769688306971
"Ang-1","Drought","F3","height",2.1681449251074,3.36758002984372,252.794751913844,0.643828774934272,0.520270147947592
"Dja-1","Drought","F3","height",-2.33897481759621,3.47515580741085,253.039548231547,-0.673056100854035,0.501525821209073
"Fei-0","Drought","F3","height",-1.7800147464312,3.60779186272397,253.692740770636,-0.493380664450871,0.622170467480299
"Ler-0","Drought","F3","height",3.7580548331734,3.77808735902838,248.759427922303,0.994697707079983,0.320849879021158
"Sap-0","Drought","F3","height",-1.89623017910845,3.46565640296501,252.218753622933,-0.547148926098428,0.584760208867189
"Tol-0","Drought","F3","height",1.49766577220851,3.63099134513326,253.791067428415,0.412467458567721,0.680345034228495
"TRE-1","Drought","F3","height",-8.93009848814825,3.45098580088089,254.586626437155,-2.58769493802866,0.0102169244073828
"Tri-1","Drought","F3","height",-3.71828149258206,3.40743290885947,253.68955821634,-1.09122661899355,0.27620847834612
"aaCol-0","Salt1","F3","height",2.63779890668679,3.41535740771228,254.30809843187,0.772334661294988,0.440633401419996
"Abd-0","Salt1","F3","height",-2.63443120198047,3.46561354529672,254.252223582274,-0.760163003620451,0.447861465611183
"Ang-1","Salt1","F3","height",1.73159799329205,3.39874354628424,253.226666308737,0.509481803999353,0.610858248385604
"Dja-1","Salt1","F3","height",1.95965654774159,3.44618394527258,252.594768995729,0.568645370897805,0.5701020394953
"Fei-0","Salt1","F3","height",-0.351583009399253,3.4279420430117,252.431722543276,-0.10256387213897,0.91839054533124
"Ler-0","Salt1","F3","height",-2.57229164500206,3.57840060527857,254.76450454883,-0.718838366282304,0.472899300383288
"Sap-0","Salt1","F3","height",1.25581972375625,3.46122778713875,253.153351420373,0.36282492831666,0.717038414281475
"Tol-0","Salt1","F3","height",1.01616786237708,3.41612911481438,252.960490605172,0.297461784442037,0.766358118018198
"TRE-1","Salt1","F3","height",-2.04229437561869,3.48358685368582,252.182824245267,-0.586261936732778,0.558223871967243
"Tri-1","Salt1","F3","height",-6.76439741896267,3.42760331357524,253.735457643246,-1.97350650005847,0.0495228935728987
"aaCol-0","Salt2","F3","height",2.16776820208211,3.38559352942463,254.466661029586,0.640291926139909,0.522558943707198
"Ang-1","Salt2","F3","height",2.56271177591574,3.54960853115976,253.288616702663,0.721970254865943,0.470978747142332
"Fei-0","Salt2","F3","height",1.78205482234995,3.44056082376126,251.290384106187,0.517954750296141,0.604945543716017
"Sap-0","Salt2","F3","height",3.40338452301912,3.58197370181619,253.500032705314,0.950142241773993,0.342944941748611
"Tol-0","Salt2","F3","height",2.86294985644769,3.40825128176982,252.857704234993,0.840005510086989,0.40169883538265
"TRE-1","Salt2","F3","height",-16.9122420695791,3.41591767567663,252.280276491696,-4.95100985307824,1.35212285211482e-06
"Tri-1","Salt2","F3","height",-4.19428819264592,3.42376556624866,253.333373394409,-1.22505122254661,0.221693725264356
"aaCol-0","Cd1","F3","diam",-1.16063199037361,0.962341341648081,248.816761815519,-1.20605022370331,0.228943680497169
"Abd-0","Cd1","F3","diam",-0.329689339716781,1.01038994991648,249.949958174556,-0.326299108323506,0.744471102572597
"Ang-1","Cd1","F3","diam",1.31858283116845,0.96474829810231,247.212580236004,1.36676357321608,0.172941099703671
"Dja-1","Cd1","F3","diam",-0.518462485259235,1.02749679027128,248.535627430422,-0.504587936593313,0.614295355611734
"Fei-0","Cd1","F3","diam",1.71033104794976,0.9856138529167,244.469793125908,1.73529526080465,0.0839486814120274
"Ler-0","Cd1","F3","diam",-1.37786101696154,1.25168777580143,249.135667000883,-1.10080248732902,0.272045060433505
"Sap-0","Cd1","F3","diam",0.773921775504113,0.969948156236031,246.999277364325,0.797900146031912,0.42569486748745
"Tol-0","Cd1","F3","diam",0.203620133690773,0.967331574026792,246.922111157681,0.210496730550359,0.833453601142858
"TRE-1","Cd1","F3","diam",-0.992736765864996,0.965462137242025,244.61497135349,-1.02825033480949,0.304847753849075
"Tri-1","Cd1","F3","diam",-0.150874020789634,0.967919712459348,247.374702960019,-0.155874520218505,0.876259053082207
"aaCol-0","Cd2","F3","diam",-0.19204882237783,1.01134178605996,249.994664595947,-0.189895073085059,0.849545450163324
"Abd-0","Cd2","F3","diam",-1.93239686376298,1.00277090706578,247.978607807373,-1.92705716744155,0.0551150206428057
"Ang-1","Cd2","F3","diam",1.28157757663338,0.976533397466073,248.512295279356,1.3123745485396,0.19060459762049
"Dja-1","Cd2","F3","diam",0.584174609046579,0.985119826817503,247.397741089227,0.59299852986798,0.553723817503125
"Fei-0","Cd2","F3","diam",2.13841788430141,0.968476015016237,243.761769354282,2.20802358669209,0.0281741625086501
"Ler-0","Cd2","F3","diam",1.53398977925371,1.23205712937196,249.892141330907,1.24506383891115,0.214274574525779
"Tol-0","Cd2","F3","diam",0.184628204026659,0.952050156947507,246.413835369229,0.193926971892552,0.846392833069002
"TRE-1","Cd2","F3","diam",-1.27337030302433,0.989450673361728,246.016936214371,-1.28694672438593,0.199322420162404
"Tri-1","Cd2","F3","diam",0.680477930089778,0.964233134025337,247.30934316811,0.705719297623615,0.481026936634782
"aaCol-0","Drought","F3","diam",-0.392706523035379,0.990759466548171,245.473944188891,-0.396369185755628,0.692177029157751
"Abd-0","Drought","F3","diam",-0.999151626820519,0.962788705914117,246.602322824131,-1.0377683293157,0.300394410657336
"Ang-1","Drought","F3","diam",1.36548781274953,0.951822118357841,246.869923534726,1.43460399418473,0.152665534540995
"Dja-1","Drought","F3","diam",-2.24795035862643,0.984916701307304,247.842308630303,-2.28237611936387,0.0233150303196338
"Fei-0","Drought","F3","diam",1.86690189859683,1.01981538705246,248.165567516726,1.83062730990232,0.0683553602495413
"Ler-0","Drought","F3","diam",0.106857863221388,1.25191449641428,245.228590733685,0.0853555602458863,0.932048366602764
"Sap-0","Drought","F3","diam",-0.238295998656063,0.980065617525836,246.182922374999,-0.243142902265706,0.808097166409392
"Tol-0","Drought","F3","diam",-0.103192281883761,1.02637373303588,248.243186880512,-0.100540649631135,0.919996263979833
"TRE-1","Drought","F3","diam",-0.563300722555227,0.975546204283981,249.348614434128,-0.577420854165151,0.564176192069837
"Tri-1","Drought","F3","diam",-0.573089784738706,0.963568510768904,248.320483115411,-0.594757693234905,0.55254699184351
"aaCol-0","Salt1","F3","diam",-0.0391795545006514,0.965919497714006,249.136315584774,-0.0405619252881588,0.96767762458409
"Abd-0","Salt1","F3","diam",0.474176034585962,0.979825923413266,248.937110960566,0.483939058209594,0.628854564816319
"Ang-1","Salt1","F3","diam",1.41717790747922,0.96064204515073,247.583837556453,1.47524035058955,0.141418481025491
"Dja-1","Salt1","F3","diam",-1.37784588225281,0.975009945771171,246.740803553156,-1.41316084849065,0.158868682003873
"Fei-0","Salt1","F3","diam",1.32637602110118,0.968942487226823,246.486523358235,1.36889035065162,0.172279722253921
"Ler-0","Salt1","F3","diam",-0.448906719151413,1.23235281392495,249.593923639306,-0.364268019741585,0.715966283823744
"Sap-0","Salt1","F3","diam",0.754952606759141,0.978909296354759,247.369590941294,0.771218139995622,0.4413136769508
"Tol-0","Salt1","F3","diam",0.381005222657581,0.966133216513695,247.106550608045,0.394360959902035,0.693654693537515
"TRE-1","Salt1","F3","diam",-0.689541697275153,0.984656847371757,246.027663158055,-0.700286296810585,0.484410211024741
"Tri-1","Salt1","F3","diam",-1.15456188830219,0.969061366396737,248.206902055312,-1.19142288438884,0.234625624780127
"aaCol-0","Salt2","F3","diam",-0.42313980215126,0.95728657817676,249.219427361705,-0.442019988368758,0.658858062812741
"Ang-1","Salt2","F3","diam",0.332116308537449,1.00328190365512,247.52721642155,0.331029900297708,0.740901958425898
"Fei-0","Salt2","F3","diam",1.53450542118106,0.972621248352344,244.52477662753,1.57770090236109,0.115927111232196
"Sap-0","Salt2","F3","diam",1.04877200121132,1.01273597404146,247.825224322748,1.03558284497988,0.301406227384488
"Tol-0","Salt2","F3","diam",-0.0762554560244718,0.963302845931282,246.938944322947,-0.0791604180830082,0.936969138003717
"TRE-1","Salt2","F3","diam",-6.70008858838422,0.965520651141548,246.215829343198,-6.93935295994199,3.46692256538024e-11
"Tri-1","Salt2","F3","diam",-0.112263570847987,0.968595984694205,247.833698923703,-0.115903403092704,0.907822956730469
"aaCol-0","Cd1","F3","biomass",-45.9380382017599,80.1354905674357,234.999999999363,-0.573254595142237,0.567020466626897
"Abd-0","Cd1","F3","biomass",118.141313155703,82.4217111409782,235.000000000254,1.43337612772474,0.153079464911422
"Ang-1","Cd1","F3","biomass",136.908501148344,74.9235158318828,234.99999999792,1.82731015260344,0.0689213628533375
"Dja-1","Cd1","F3","biomass",-108.411843249637,79.675653603287,235.000000000983,-1.36066462396945,0.17492325257154
"Fei-0","Cd1","F3","biomass",111.513901729144,73.1424768174472,234.999999997749,1.52461205282215,0.128700511790471
"Ler-0","Cd1","F3","biomass",-89.1444436914701,78.6154454963864,234.999999998106,-1.13393040169909,0.257979152561817
"Sap-0","Cd1","F3","biomass",31.2088032401769,72.0298708796205,234.999999999545,0.433275845965827,0.665211810975249
"Tol-0","Cd1","F3","biomass",-76.4981233019277,75.0465550490927,234.999999999871,-1.01934223698723,0.309088768664695
"TRE-1","Cd1","F3","biomass",-32.3252154759326,71.6827433213619,235.000000000352,-0.450948359091323,0.652442583054105
"Tri-1","Cd1","F3","biomass",51.7102541158695,71.8213569226678,234.999999999621,0.719984365814022,0.472250092750552
"aaCol-0","Cd2","F3","biomass",1.88236097428821,71.4861776281794,234.999999999293,0.0263318173770449,0.979015023688931
"Abd-0","Cd2","F3","biomass",-31.1005082531418,83.5097936626324,235.000000000602,-0.372417496069783,0.709917668698798
"Ang-1","Cd2","F3","biomass",99.3798605520815,72.3934619376281,235.000000000177,1.37277397560713,0.171131224252403
"Dja-1","Cd2","F3","biomass",-88.944377226515,76.6112693743031,235.000000000513,-1.16098294615059,0.246826791770066
"Fei-0","Cd2","F3","biomass",104.953868151246,75.2361703794426,234.999999999887,1.39499216429979,0.164335243476983
"Ler-0","Cd2","F3","biomass",-22.6969518296273,78.5923893827719,235.000000000599,-0.288793253492846,0.772994179040751
"Tol-0","Cd2","F3","biomass",-119.443732905923,74.371247037624,234.999999999592,-1.60604719785721,0.10960640810441
"TRE-1","Cd2","F3","biomass",-63.5586199866556,73.5739392065486,235.000000002058,-0.863874092811908,0.388537925096517
"Tri-1","Cd2","F3","biomass",-6.11666244677825,71.544834093179,234.999999998312,-0.0854941174203017,0.931941365140552
"aaCol-0","Drought","F3","biomass",33.4109801518087,78.2185730887785,234.999999999638,0.427148934484998,0.669661951908737
"Abd-0","Drought","F3","biomass",61.5064057173465,79.729657637384,235.000000001167,0.771436972639239,0.441222961792819
"Ang-1","Drought","F3","biomass",30.7262511026194,70.5113329355404,235.00000000007,0.435763299648704,0.663408477471168
"Dja-1","Drought","F3","biomass",-40.1786800555417,80.8020934636223,235.000000000737,-0.49724800847679,0.619479074719508
"Fei-0","Drought","F3","biomass",267.760178604037,71.8983032299196,234.999999999648,3.72415156652281,0.000245404546843655
"Ler-0","Drought","F3","biomass",-25.069454217932,79.2228746533926,235.00000000124,-0.316442117603195,0.751947856661475
"Sap-0","Drought","F3","biomass",26.1166959304828,72.7744817405046,234.999999999829,0.358871616889122,0.720013344827354
"Tol-0","Drought","F3","biomass",-33.0884109596933,79.5173858641632,234.999999998271,-0.416115426835297,0.677705305391095
"TRE-1","Drought","F3","biomass",-121.258567671769,72.5474462034673,235.000000001291,-1.67143812797608,0.0959662109755365
"Tri-1","Drought","F3","biomass",-38.5952933189782,74.7821445248874,234.999999999763,-0.516103055939159,0.606267694885601
"aaCol-0","Salt1","F3","biomass",53.4053501560473,74.9937248764211,234.999999998904,0.712130918207512,0.477090101160966
"Abd-0","Salt1","F3","biomass",206.485729694401,84.2333340152426,234.999999999539,2.45135411186545,0.0149613946271256
"Ang-1","Salt1","F3","biomass",140.137932159688,71.2252468501217,234.999999999238,1.9675317160301,0.0502981366569085
"Dja-1","Salt1","F3","biomass",-138.677684714451,79.1474237491738,235.000000000345,-1.75214401360598,0.0810533402249334
"Fei-0","Salt1","F3","biomass",165.177602939739,71.9463944762319,234.999999998743,2.29584267762447,0.0225661967754815
"Ler-0","Salt1","F3","biomass",-83.8961286292738,78.0753724867736,234.99999999979,-1.0745530371115,0.283676946658332
"Sap-0","Salt1","F3","biomass",95.2360623312883,75.7304708291037,234.999999999515,1.2575659610806,0.209797026865803
"Tol-0","Salt1","F3","biomass",-36.0331156598158,83.892390121834,235.000000000852,-0.429515902544751,0.667941364549882
"TRE-1","Salt1","F3","biomass",-69.5597173058553,73.1913905308854,235.000000000141,-0.950381141843486,0.342895007373985
"Tri-1","Salt1","F3","biomass",-83.2974242692419,71.906844619608,235.000000000214,-1.15840744660527,0.247873662564454
"aaCol-0","Salt2","F3","biomass",-15.8187788555799,70.9266709681241,234.999999999953,-0.22303004835359,0.823705858820647
"Ang-1","Salt2","F3","biomass",-7.40702818471201,74.4160348288976,234.99999999891,-0.0995353783864291,0.920798056140191
"Fei-0","Salt2","F3","biomass",140.912948144406,72.2237775688883,234.999999999103,1.9510603417275,0.0522383284289618
"Sap-0","Salt2","F3","biomass",141.438679828473,75.0615079568891,235.000000001068,1.88430373540732,0.0607582779775507
"Tol-0","Salt2","F3","biomass",-60.8617671828776,77.9885797011632,235.000000001397,-0.780393327024134,0.435944734798078
"TRE-1","Salt2","F3","biomass",-423.141230079459,71.9734629301207,234.999999998778,-5.87912840167616,1.40591065771292e-08
"Tri-1","Salt2","F3","biomass",24.8672736669102,75.3379963314723,234.999999998529,0.330076121980987,0.741636499107934
"aaCol-0","Cd1","F3","fruit",-26.192700863676,60.7242688844311,254.673361263902,-0.431338266312029,0.666587325209988
"Abd-0","Cd1","F3","fruit",42.3400013913995,63.8015904080034,254.530103288745,0.663619842713016,0.507534273104349
"Ang-1","Cd1","F3","fruit",46.5206598387251,60.7573059336548,253.489601512186,0.76568009597931,0.444579015040117
"Dja-1","Cd1","F3","fruit",-93.5348258530403,64.6512476095028,253.623123774654,-1.44675979677911,0.149198977845858
"Fei-0","Cd1","F3","fruit",-7.72138299143763,61.9409091277149,251.670856875987,-0.124657243495039,0.900894418316724
"Ler-0","Cd1","F3","fruit",-19.600477962961,67.5230833006732,254.921989781749,-0.290278183472193,0.77183941896468
"Sap-0","Cd1","F3","fruit",158.510337528358,61.0581567294631,253.527669886249,2.59605507304596,0.00998032808730707
"Tol-0","Cd1","F3","fruit",36.6134498669256,60.8979616750611,253.343773747669,0.601226196408468,0.548226902732894
"TRE-1","Cd1","F3","fruit",33.5996734884843,60.6573209805337,251.098400051882,0.553926103977906,0.58012236351042
"Tri-1","Cd1","F3","fruit",55.8407690298935,60.9602345994068,253.507983182403,0.916019588783487,0.360527158875871
"aaCol-0","Cd2","F3","fruit",44.121051737622,63.9505537341684,254.92658028991,0.689924467597665,0.490869269756933
"Abd-0","Cd2","F3","fruit",123.495574803864,60.5894857717755,253.901564153082,2.03823441032391,0.0425628101562383
"Ang-1","Cd2","F3","fruit",-15.3531914122197,61.5692293370757,254.116508802735,-0.24936468390996,0.803280144313347
"Dja-1","Cd2","F3","fruit",-154.835759153735,61.9947302263385,253.709946196233,-2.49756323785007,0.0131392377955788
"Fei-0","Cd2","F3","fruit",37.8736081227732,60.8173050339148,251.224383434989,0.622743939437187,0.53401766634171
"Ler-0","Cd2","F3","fruit",99.3716706564368,64.072643619389,254.868352041899,1.55092196986181,0.122161210983279
"Tol-0","Cd2","F3","fruit",37.6065471548003,59.9053729706838,253.000545845674,0.627765846198871,0.530723542280095
"TRE-1","Cd2","F3","fruit",-22.4546153781727,62.1618312972945,252.113574408978,-0.36122834397818,0.718231276578813
"Tri-1","Cd2","F3","fruit",-3.01227702642052,60.7301425269707,253.549231068276,-0.0496010202031511,0.960479384052862
"aaCol-0","Drought","F3","fruit",-54.8072836323302,62.3157214135319,252.532769468585,-0.87950973508956,0.379961100130441
"Abd-0","Drought","F3","fruit",18.592607459018,60.6130255891727,253.16576984101,0.306742771513111,0.759291309943684
"Ang-1","Drought","F3","fruit",-63.0125270090889,59.9242523195355,253.10651821046,-1.05153630742167,0.294015236140696
"Dja-1","Drought","F3","fruit",-23.9035987180004,61.8441346040684,253.061075265988,-0.386513593747141,0.699441128388099
"Fei-0","Drought","F3","fruit",-30.3601068320685,64.2948823720843,254.105057617862,-0.47220098570785,0.637188596254846
"Ler-0","Drought","F3","fruit",103.493876212999,66.9788122332199,249.550646073654,1.54517335799617,0.123571497739093
"Sap-0","Drought","F3","fruit",117.17555079947,61.6153588985647,252.31980567626,1.90172633729801,0.0583459177300439
"Tol-0","Drought","F3","fruit",137.121439398674,64.7119250282366,254.039868969096,2.11895163586684,0.0350651320733445
"TRE-1","Drought","F3","fruit",-42.1364007001227,61.6011085132431,254.699821799661,-0.684020169719254,0.494584291187338
"Tri-1","Drought","F3","fruit",0.738122619927882,60.6846894567467,253.484313790724,0.0121632429289102,0.990304942976991
"aaCol-0","Salt1","F3","fruit",-67.3320403382832,60.9418728748252,254.645097690884,-1.10485676205888,0.270264500892211
"Abd-0","Salt1","F3","fruit",-11.8953314697329,61.8047630561807,254.31761607342,-0.192466257963323,0.847530595941979
"Ang-1","Salt1","F3","fruit",-37.9049997331003,60.529204015662,253.766757081693,-0.62622663472152,0.531729170360564
"Dja-1","Salt1","F3","fruit",-69.9443855503179,61.3347761611435,253.455091024825,-1.14037076399455,0.25520831052563
"Fei-0","Salt1","F3","fruit",-62.8789468802881,60.9473082967641,252.198567877701,-1.03169358315413,0.30320403482537
"Ler-0","Salt1","F3","fruit",-3.63084618565324,63.9840088762211,254.987681004466,-0.0567461503182337,0.954791851171865
"Sap-0","Salt1","F3","fruit",78.6098546646771,61.6372117805426,253.75507993727,1.27536357329993,0.203346935865319
"Tol-0","Salt1","F3","fruit",-56.5536128858659,60.8086742518059,253.384676354486,-0.93002542123645,0.353243105257437
"TRE-1","Salt1","F3","fruit",-4.48252899487753,61.9021676258029,251.547840966559,-0.07241311842219,0.942330688109002
"Tri-1","Salt1","F3","fruit",-6.13588022200846,61.0541436987962,253.61238787827,-0.100498997288032,0.920027579843594
"aaCol-0","Salt2","F3","fruit",47.1257267278749,60.4389147347347,254.796173644155,0.779724899672817,0.436276481061519
"Ang-1","Salt2","F3","fruit",-107.842281969729,63.1789843255481,253.099370370416,-1.70693282142746,0.0890609754224909
"Fei-0","Salt2","F3","fruit",7.73960110222176,61.1199618344105,251.676865590812,0.126629678257822,0.899334612836267
"Sap-0","Salt2","F3","fruit",82.8028512292005,63.7891018672071,253.553554705185,1.29807206568883,0.195442104657202
"Tol-0","Salt2","F3","fruit",26.2463590866837,60.6573029264153,253.238896911314,0.432699078601033,0.665601665882727
"TRE-1","Salt2","F3","fruit",91.6824917951007,60.7218670740038,252.022428206556,1.50987603334667,0.132327763594278
"Tri-1","Salt2","F3","fruit",-6.54430107779115,60.9697714166906,253.604845273855,-0.107336815043391,0.914606643852711
"aaCol-0","Cd1","F4","flt",1.47754220018957,4.48133306753144,250.999999994203,0.329710418289323,0.741893769146811
"Abd-0","Cd1","F4","flt",15.2798491294519,6.45458954078626,250.999999996042,2.36728440017746,0.0186783483481394
"Ang-1","Cd1","F4","flt",2.52766109459571,4.36851624532638,250.999999997012,0.57860860590822,0.563372115229672
"Dja-1","Cd1","F4","flt",1.86436819176605,4.39541072412522,250.999999996331,0.42416245233535,0.67181064500402
"Fei-0","Cd1","F4","flt",1.50340965014175,4.4029689420825,250.999999997564,0.341453612305217,0.73304779846457
"Ler-0","Cd1","F4","flt",-2.07326342025405,4.70124357190395,250.999999996475,-0.441003191718144,0.65959029956776
"Sap-0","Cd1","F4","flt",6.13478576657792,4.41088900310259,250.999999995426,1.39082750943466,0.165509501808873
"Tol-0","Cd1","F4","flt",-6.53847839411874,4.42441541792832,250.999999997172,-1.47781746886243,0.140710331749495
"TRE-1","Cd1","F4","flt",6.92425246572415,4.38428449210424,250.999999995905,1.5793346618346,0.115518679328439
"Tri-1","Cd1","F4","flt",-3.00514919353298,4.54190941917272,250.999999994846,-0.661648860905805,0.508803228794955
"aaCol-0","Cd2","F4","flt",0.0721335599774782,4.48306948670481,250.999999996912,0.0160902168015465,0.987175200608494
"Abd-0","Cd2","F4","flt",-8.70407501212719,6.31892002488115,250.999999996243,-1.37746244260955,0.169596335901639
"Ang-1","Cd2","F4","flt",3.56353017955524,4.36160454132841,250.999999994411,0.817022759809833,0.414690223529523
"Dja-1","Cd2","F4","flt",3.67802803088634,4.38237196864754,250.999999995836,0.839277920085233,0.40211200050524
"Fei-0","Cd2","F4","flt",-0.172911361686159,4.40635072909893,250.999999996957,-0.0392413977726003,0.968729122100914
"Ler-0","Cd2","F4","flt",1.69173080365559,4.63919420804812,250.999999996695,0.364660483650535,0.715671902512697
"Tol-0","Cd2","F4","flt",-4.03142767893712,4.427976430984,250.999999996163,-0.910444701269841,0.36346151102066
"TRE-1","Cd2","F4","flt",7.0743380420361,4.63356317382206,250.999999996917,1.52675981240604,0.128079854128203
"Tri-1","Cd2","F4","flt",-1.89521789894006,4.39725438759908,250.999999994488,-0.431000286061425,0.666838067512389
"aaCol-0","Drought","F4","flt",2.70304868856764,4.57116917060443,250.999999997662,0.59132545475455,0.554834530636894
"Abd-0","Drought","F4","flt",12.7596209797138,6.24655812485134,250.999999996085,2.04266425200637,0.0421305304167036
"Ang-1","Drought","F4","flt",4.75436665430048,4.65039005267753,250.999999995329,1.02235868399105,0.307595504584466
"Dja-1","Drought","F4","flt",-0.371609931226617,4.42191572395076,250.999999996461,-0.0840382210845489,0.933093029748153
"Fei-0","Drought","F4","flt",-2.92063948079047,4.44409927862101,250.999999996805,-0.657194922453834,0.51165775237419
"Ler-0","Drought","F4","flt",-2.29000943272477,4.93140702442249,250.99999999678,-0.464372423810008,0.642783467872021
"Sap-0","Drought","F4","flt",9.80438987029573,4.40466564444901,250.999999997602,2.22591012842297,0.0269086919993606
"Tol-0","Drought","F4","flt",-4.18765265755083,4.45544245592115,250.999999996922,-0.939896025811209,0.348174517467327
"TRE-1","Drought","F4","flt",10.120071125531,4.37521857486736,250.999999995679,2.31304355482122,0.021529285079402
"Tri-1","Drought","F4","flt",-0.102345733350571,4.43639574487007,250.999999994573,-0.0230695680088766,0.98161310964741
"aaCol-0","Salt1","F4","flt",1.30704127372401,4.52642605475454,250.999999997141,0.288757898154792,0.773004985495012
"Abd-0","Salt1","F4","flt",7.62895946683983,6.70981191440239,250.999999994315,1.13698559127485,0.256628583650902
"Ang-1","Salt1","F4","flt",7.04911038296212,4.57884203751233,250.999999995163,1.53949630173132,0.124942875315967
"Dja-1","Salt1","F4","flt",-1.48030138305689,4.37028725862482,250.999999995943,-0.338719469786681,0.735104253763608
"Fei-0","Salt1","F4","flt",-0.304685497625467,4.42326356433338,250.999999996812,-0.0688825102085874,0.945137983463819
"Ler-0","Salt1","F4","flt",1.20578525638216,4.759717575689,250.999999995589,0.25333126119518,0.800219610475998
"Sap-0","Salt1","F4","flt",14.7591782471701,4.64753813150044,250.999999997903,3.17569815019573,0.00168168294905726
"Tol-0","Salt1","F4","flt",-4.62106569664907,4.40677374017039,250.99999999861,-1.04862785545926,0.295358086237835
"TRE-1","Salt1","F4","flt",9.05995049783553,4.61047635962109,250.999999996266,1.96507904848689,0.0505079226754139
"Tri-1","Salt1","F4","flt",-0.950317350048461,4.41057681697222,250.999999996357,-0.215463280537722,0.829581114923018
"aaCol-0","Salt2","F4","flt",2.33629969024499,4.50242201111903,250.999999995722,0.518898424997777,0.604288765784409
"Ang-1","Salt2","F4","flt",5.44997274003423,4.41563416925135,250.999999997302,1.2342446251516,0.218266089410046
"Fei-0","Salt2","F4","flt",0.840579347986732,4.40421841652168,250.99999999528,0.190857779630874,0.848791303330892
"Sap-0","Salt2","F4","flt",21.87484411465,4.50550419936779,250.999999996492,4.8551378817313,2.11709604024455e-06
"Tol-0","Salt2","F4","flt",-5.98158023529832,4.41168140995571,250.99999999415,-1.35585045234678,0.176365337323114
"TRE-1","Salt2","F4","flt",-17.899406868844,4.43158376497624,250.999999996376,-4.03905416621184,7.13612886179462e-05
"Tri-1","Salt2","F4","flt",-5.66834094934004,4.39513566438836,250.999999997755,-1.28968509328798,0.198347076571611
"aaCol-0","Cd1","F4","height",7.67296521056112,3.87690249446299,247.752172498067,1.97914835916552,0.0489064569420989
"Abd-0","Cd1","F4","height",-5.56648704555456,4.47409875638606,247.955357868979,-1.2441582872102,0.214616132005152
"Ang-1","Cd1","F4","height",-6.35615542188511,3.47891779027376,246.869393972852,-1.8270496186071,0.0688996518013109
"Dja-1","Cd1","F4","height",-2.17765940408931,3.49931691610521,247.243187184251,-0.622309855408317,0.534311625905564
"Fei-0","Cd1","F4","height",1.99610048761284,3.50749067460256,246.864776103146,0.569096448941814,0.569808096004689
"Ler-0","Cd1","F4","height",2.24892642353213,3.75365437105976,247.26131536232,0.599129861521373,0.549634824227022
"Sap-0","Cd1","F4","height",5.33174110952158,3.51087992184678,247.355940987249,1.51863385481922,0.130131764613726
"Tol-0","Cd1","F4","height",2.57172065370043,3.52631253099655,246.884518592198,0.729294590622587,0.466512789662823
"TRE-1","Cd1","F4","height",-9.64101421091497,3.49001658077108,247.106276004193,-2.76245513102545,0.00616803950735322
"Tri-1","Cd1","F4","height",-4.97224761222764,3.6201489973643,247.255959505197,-1.37349253189516,0.17084335809003
"aaCol-0","Cd2","F4","height",-2.29278905698738,3.70860245563628,246.941863752372,-0.618235328378978,0.536990010608452
"Abd-0","Cd2","F4","height",-8.05809835072774,4.31681733889963,247.926687400942,-1.8666757747924,0.0631272945663524
"Ang-1","Cd2","F4","height",-2.46359740331776,3.4728382916734,246.926249731288,-0.709390186472133,0.478751661142042
"Dja-1","Cd2","F4","height",3.90849155481618,3.4885947173742,247.123813552212,1.12036274530566,0.263646837308102
"Fei-0","Cd2","F4","height",1.97333015526972,3.50940150287797,246.929578770213,0.562298202030018,0.574422946964357
"Ler-0","Cd2","F4","height",-1.0721824976171,3.88618678552563,247.530849548693,-0.275895770530257,0.782858316266815
"Tol-0","Cd2","F4","height",1.18765655233572,3.52430560802763,247.125660315631,0.336990228551827,0.736410283977303
"TRE-1","Cd2","F4","height",-7.31073905610253,3.68798626444198,247.489881184623,-1.98231189920353,0.0485503512345834
"Tri-1","Cd2","F4","height",-1.41005124520677,3.50173008655619,247.438654107476,-0.402672739004134,0.687536658665731
"aaCol-0","Drought","F4","height",-1.45703106057321,3.77368130447618,247.701855284035,-0.386103367776433,0.699751539221887
"Abd-0","Drought","F4","height",-5.7301693412796,4.29108375278376,247.987116298147,-1.33536646483822,0.182980848180087
"Ang-1","Drought","F4","height",-4.86223891395766,3.70359806391876,247.483297569213,-1.31284195262078,0.190452282031035
"Dja-1","Drought","F4","height",8.82661791022587,3.51876553823481,247.385142856103,2.50844161519603,0.0127673192567924
"Fei-0","Drought","F4","height",3.11040683878074,3.53868404468421,247.224915102216,0.878972747921129,0.380269557874337
"Ler-0","Drought","F4","height",6.13160033998096,3.93846563598982,247.0024455141,1.55685002909514,0.120786428643746
"Sap-0","Drought","F4","height",3.42550017437641,3.50833487473439,247.19574952501,0.976389169416372,0.329826182068964
"Tol-0","Drought","F4","height",5.12829248668606,3.54685839864853,247.278580060621,1.44586896636192,0.149480171787756
"TRE-1","Drought","F4","height",-6.05687588465471,3.64741186279659,246.48766508034,-1.66059554349607,0.0980661984365855
"Tri-1","Drought","F4","height",-0.832318048147084,3.53392417738697,247.471983888153,-0.235522327692529,0.813998137035689
"aaCol-0","Salt1","F4","height",1.92617434048359,3.74346536258527,247.463675027714,0.514543118185381,0.607331551908836
"Abd-0","Salt1","F4","height",-4.94711530466718,4.66199177885868,247.987457755346,-1.06115916529529,0.289649933793154
"Ang-1","Salt1","F4","height",-7.68313107303487,3.64636748111748,247.364171959789,-2.10706439019698,0.0361190279809887
"Dja-1","Salt1","F4","height",-1.98876831880768,3.48043610724971,247.184389897076,-0.571413540580474,0.568238544240185
"Fei-0","Salt1","F4","height",-0.314766018241464,3.52265681701125,247.291349544824,-0.0893547213345987,0.928872331331991
"Ler-0","Salt1","F4","height",1.26976517262107,3.79250073455523,247.789402699591,0.33480947308768,0.738052054901439
"Sap-0","Salt1","F4","height",9.08903546607656,3.5370455164795,247.56549068643,2.56966878818203,0.0107659227138247
"Tol-0","Salt1","F4","height",3.33109850838757,3.50799930938629,247.05562172603,0.949572167666799,0.343257646132422
"TRE-1","Salt1","F4","height",-9.40078635179541,3.66776649171573,247.660086879782,-2.56308202090528,0.0109665927667325
"Tri-1","Salt1","F4","height",-1.12181631690186,3.51147174042795,246.858206875611,-0.31947183398524,0.749638936567112
"aaCol-0","Salt2","F4","height",4.37261458711909,3.72050048320431,246.904769760973,1.17527590894253,0.241016455050574
"Ang-1","Salt2","F4","height",-4.18443873118984,3.51902199158639,246.938473699827,-1.18909138425233,0.235545866900186
"Fei-0","Salt2","F4","height",0.191127811849798,3.5081447431522,246.853216024053,0.0544811647874204,0.95659588114355
"Sap-0","Salt2","F4","height",6.29745155266376,3.58569798973742,247.424932229364,1.75626937089728,0.080279587999763
"Tol-0","Salt2","F4","height",1.80885189811607,3.51246519973579,247.21016193612,0.514980731553476,0.607026635938204
"TRE-1","Salt2","F4","height",-22.5892303234173,3.69405105221274,247.698456721792,-6.11502927386084,3.73535154830951e-09
"Tri-1","Salt2","F4","height",-3.78211799323773,3.5004035765974,247.328289741516,-1.08048055330642,0.280980698772657
"aaCol-0","Cd1","F4","diam",-0.34999012054439,1.08062226424368,235.999999993783,-0.323878317266899,0.746317002284591
"Abd-0","Cd1","F4","diam",0.740429774956626,1.24998941755204,235.999999993335,0.592348834765874,0.554184117330822
"Ang-1","Cd1","F4","diam",1.03113446392731,0.969988211402272,235.999999993851,1.06303813985187,0.288851185302436
"Dja-1","Cd1","F4","diam",-0.542689367392416,0.975780457107871,235.999999995188,-0.556159291200502,0.578628883565943
"Fei-0","Cd1","F4","diam",1.9370115462428,0.977345241417005,235.999999994192,1.98191126754188,0.0486494320324208
"Ler-0","Cd1","F4","diam",-0.00579956116264306,1.10114517068812,235.999999994338,-0.00526684520535911,0.995802134271819
"Sap-0","Cd1","F4","diam",0.91294053073164,1.14883277381472,235.999999995905,0.794667902535725,0.427605118728648
"Tol-0","Cd1","F4","diam",-0.258735176946449,0.983887365249097,235.999999994046,-0.262972354443177,0.792801321670426
"TRE-1","Cd1","F4","diam",1.1089587980574,0.973199162445793,235.999999995191,1.13949830707871,0.255650608185324
"Tri-1","Cd1","F4","diam",-2.33839606922478,1.05067723538141,235.999999995371,-2.22560838902721,0.0269859441876231
"aaCol-0","Cd2","F4","diam",-1.01818775079967,1.03288459023734,235.999999996189,-0.985771072996359,0.325255011674904
"Abd-0","Cd2","F4","diam",-2.110681194455,1.2426811597968,235.999999994703,-1.69848973553292,0.0907332910316675
"Ang-1","Cd2","F4","diam",1.13355920241784,0.967855999812729,235.999999994658,1.17120646318995,0.242696947533208
"Dja-1","Cd2","F4","diam",0.568661071469413,1.02530194579186,235.999999995105,0.554627906250805,0.579674428658506
"Fei-0","Cd2","F4","diam",1.74944227123998,0.978024611539371,235.999999996007,1.78875076414123,0.0749375033986096
"Ler-0","Cd2","F4","diam",-0.045688633726288,1.13584155401308,235.999999993611,-0.0402244781104054,0.967948170444624
"Tol-0","Cd2","F4","diam",-0.28721933674138,0.982627814805793,235.99999999426,-0.292297177439604,0.770316218610756
"TRE-1","Cd2","F4","diam",0.359861781932649,1.02870965220641,235.999999995086,0.349818611267822,0.726786806238737
"Tri-1","Cd2","F4","diam",-1.08315307580388,0.977149660126412,235.99999999425,-1.10848227247375,0.268781961434699
"aaCol-0","Drought","F4","diam",-0.275345981795028,1.05215183882865,235.999999994741,-0.261697952361674,0.793782575354657
"Abd-0","Drought","F4","diam",1.17950515840237,1.1987388591293,235.999999994023,0.983955053612842,0.326145274790855
"Ang-1","Drought","F4","diam",1.19235993682206,1.03393396956855,235.99999999562,1.15322638767698,0.249984128014681
"Dja-1","Drought","F4","diam",0.624801043587773,0.982212283047192,235.999999993864,0.636116096664364,0.525317174324201
"Fei-0","Drought","F4","diam",0.570253595348292,0.987612420189329,235.999999994833,0.577406261495751,0.564215479236169
"Ler-0","Drought","F4","diam",-0.866953924259221,1.3116566151493,235.999999993679,-0.660961042887385,0.50928200174618
"Sap-0","Drought","F4","diam",0.168444737044634,1.07785561248319,235.999999996548,0.156277645255812,0.875947776049838
"Tol-0","Drought","F4","diam",-1.10987570123271,0.990006933829768,235.999999993451,-1.12107871501388,0.263393812312585
"TRE-1","Drought","F4","diam",0.86529733124707,1.01628772581897,235.999999996056,0.851429481301442,0.395393926134565
"Tri-1","Drought","F4","diam",-1.49019777700561,1.02847734291892,235.999999995769,-1.44893593161351,0.14868287964665
"aaCol-0","Salt1","F4","diam",-0.514103946973564,1.04320337599195,235.999999995097,-0.492812771512283,0.622603083059922
"Abd-0","Salt1","F4","diam",2.18124727080912,1.30183000479641,235.999999994609,1.67552388773697,0.0951558570896068
"Ang-1","Salt1","F4","diam",1.19471999869689,1.01714175412551,235.999999993552,1.17458554213425,0.241344384872126
"Dja-1","Salt1","F4","diam",-0.683263192464205,0.970454526171821,235.99999999459,-0.704065130346182,0.482086334688975
"Fei-0","Salt1","F4","diam",2.1283746745789,0.982374216360162,235.999999995042,2.166562028129,0.0312696221067909
"Ler-0","Salt1","F4","diam",-0.101016179245366,1.11346287484334,235.99999999304,-0.0907225391413062,0.927790013436608
"Sap-0","Salt1","F4","diam",0.372704567936155,1.1034158527681,235.999999995299,0.337773439633993,0.735834179430143
"Tol-0","Salt1","F4","diam",-0.388085792175693,0.978661833061006,235.999999994463,-0.396547386508227,0.692059585811402
"TRE-1","Salt1","F4","diam",0.973356822737932,1.02355145816012,235.999999995152,0.950960320536874,0.342597389867991
"Tri-1","Salt1","F4","diam",-0.43334942026568,0.979547614968138,235.999999994057,-0.442397504362027,0.658606754849197
"aaCol-0","Salt2","F4","diam",-1.02212466523097,1.03493855579652,235.999999995014,-0.987618694371969,0.324350890689215
"Ang-1","Salt2","F4","diam",0.786615363727568,0.980577193567642,235.99999999518,0.802196266533202,0.423246477890352
"Fei-0","Salt2","F4","diam",0.580458032432902,0.977527459159224,235.999999993811,0.59380227838526,0.553213087520395
"Sap-0","Salt2","F4","diam",0.727389852670682,1.04994678845801,235.999999994679,0.69278734947983,0.489124171381497
"Tol-0","Salt2","F4","diam",-0.591622694669777,0.979396764205523,235.999999994269,-0.604068459578478,0.546378360055779
"TRE-1","Salt2","F4","diam",-2.92336712534963,1.03202047406444,235.999999996538,-2.83266388489022,0.00501522796143125
"Tri-1","Salt2","F4","diam",-1.86619838112195,0.976416274550473,235.999999994322,-1.91127332651345,0.0571808975000593
"aaCol-0","Cd1","F4","biomass",30.871324085089,82.2310291337095,238.366005734426,0.375421837842884,0.707680620907562
"Abd-0","Cd1","F4","biomass",66.4253034685861,91.0987865733509,235.746873558773,0.729156841349383,0.466629511328479
"Ang-1","Cd1","F4","biomass",-50.1105721730444,74.2733138038627,236.660442824111,-0.674678018344166,0.500538901970415
"Dja-1","Cd1","F4","biomass",111.929579722794,71.3042405165055,237.623775501698,1.56974646826068,0.117804715401112
"Fei-0","Cd1","F4","biomass",240.088276984918,75.2269707393433,237.700660045547,3.19151860862255,0.00160612740075869
"Ler-0","Cd1","F4","biomass",35.4759095969978,79.7785837864716,238.887738090859,0.444679610908481,0.656953919190357
"Sap-0","Cd1","F4","biomass",42.76989791181,71.5334728949909,236.75797112322,0.597900481842884,0.550477816110535
"Tol-0","Cd1","F4","biomass",-319.294145087048,79.7371976120136,238.388318515935,-4.00433116098053,8.31148302019721e-05
"TRE-1","Cd1","F4","biomass",-31.0287546910234,74.4036941464157,235.541144709779,-0.417032447743298,0.677034502726805
"Tri-1","Cd1","F4","biomass",-273.764512134374,76.4099137226121,235.894830845236,-3.58284022055319,0.000412810106376788
"aaCol-0","Cd2","F4","biomass",36.838940329973,76.4162411815806,238.308289013191,0.482082601294614,0.630189726004018
"Abd-0","Cd2","F4","biomass",-152.303384194497,87.8780586066049,234.555065105783,-1.73312185782687,0.084388259123555
"Ang-1","Cd2","F4","biomass",26.9783208593594,74.4646893362768,236.647867800204,0.362296829541951,0.717453556785588
"Dja-1","Cd2","F4","biomass",162.578510625854,71.0505718491247,237.197889884229,2.28820833379199,0.0230058953067975
"Fei-0","Cd2","F4","biomass",92.9950584628407,75.2688085939331,237.098501931834,1.23550591805616,0.217865057724763
"Ler-0","Cd2","F4","biomass",-50.698051303491,75.4454516250194,238.976789722561,-0.671982872545737,0.502243723629843
"Tol-0","Cd2","F4","biomass",-265.78264624336,75.3304663401515,238.315419126063,-3.52822249955589,0.000501842053818638
"TRE-1","Cd2","F4","biomass",-29.8893478653319,82.7277102251132,236.923840018521,-0.361297898660545,0.718198737882163
"Tri-1","Cd2","F4","biomass",-130.136860388999,71.1799648486318,235.657244895562,-1.82827935734082,0.0687717813699083
"aaCol-0","Drought","F4","biomass",56.120125572898,74.2954561183122,233.575141575598,0.75536417036769,0.450791523818405
"Abd-0","Drought","F4","biomass",74.1107015319095,87.4564738402141,236.748857952772,0.847400978769304,0.397627495311489
"Ang-1","Drought","F4","biomass",5.53248113315704,75.3607158137017,234.854818918713,0.0734133304523516,0.941539696564057
"Dja-1","Drought","F4","biomass",123.329270847375,71.6657905768253,236.724018640715,1.7208945837996,0.0865765562241765
"Fei-0","Drought","F4","biomass",81.8600564333821,76.6140819424014,238.338515688076,1.06847271882635,0.28638830956242
"Ler-0","Drought","F4","biomass",-7.92292035348267,79.9222899256456,235.561603944302,-0.0991327996339148,0.921117138780764
"Sap-0","Drought","F4","biomass",31.667944773016,71.4229195438944,236.489832786145,0.443386310378335,0.657891690370971
"Tol-0","Drought","F4","biomass",-395.350750448942,75.8646759324566,235.555661694786,-5.21126262769419,4.09599556438524e-07
"TRE-1","Drought","F4","biomass",29.3457971838042,74.283575452938,237.703942219884,0.395050951773263,0.693159551647715
"Tri-1","Drought","F4","biomass",-70.8256894975372,71.968590471522,235.85350857371,-0.984119447574328,0.326065244072996
"aaCol-0","Salt1","F4","biomass",31.7464877631072,73.9051604252735,237.803731910051,0.429557118615641,0.667906781912739
"Abd-0","Salt1","F4","biomass",204.655999032697,101.911592916569,234.733675553925,2.00817191818638,0.0457708298459593
"Ang-1","Salt1","F4","biomass",76.6737565663591,74.1813661430341,236.120857919568,1.03359860505291,0.302381308205252
"Dja-1","Salt1","F4","biomass",68.2248027773736,70.8212734308571,236.81844036021,0.963337701686225,0.336360709722288
"Fei-0","Salt1","F4","biomass",105.03542304057,75.9875166064848,237.002899123083,1.38227208535469,0.168189434131358
"Ler-0","Salt1","F4","biomass",17.2058138790257,77.4346781732886,238.824847385682,0.222197783795541,0.824349813554426
"Sap-0","Salt1","F4","biomass",124.483277100151,72.0852140416932,236.22748070618,1.72689058019792,0.0854945406263152
"Tol-0","Salt1","F4","biomass",-242.605086232289,75.5878740918999,238.569739882923,-3.20957678922587,0.00151183175088381
"TRE-1","Salt1","F4","biomass",1.84507648641975,77.9456250307251,235.276352323661,0.0236713283868395,0.981134840061831
"Tri-1","Salt1","F4","biomass",8.61971358046944,71.4974759257041,237.024357055268,0.120559690658542,0.904141931378657
"aaCol-0","Salt2","F4","biomass",12.6092655850371,73.3681359014419,238.047718679454,0.171862967896248,0.863691273943287
"Ang-1","Salt2","F4","biomass",-7.55462120376435,71.6538851055064,236.598928848185,-0.105432122663559,0.916122257410981
"Fei-0","Salt2","F4","biomass",75.6417973904999,74.9441940289457,236.573100492463,1.00930830427351,0.313857992152559
"Sap-0","Salt2","F4","biomass",83.4993579187868,73.073956582975,236.385929222696,1.14266917823142,0.254331981068428
"Tol-0","Salt2","F4","biomass",-186.993371511334,75.179074495547,238.371608950296,-2.48730611232,0.0135564996399451
"TRE-1","Salt2","F4","biomass",-324.755736054773,79.012965858954,234.710588795889,-4.11015752319049,5.46777148838503e-05
"Tri-1","Salt2","F4","biomass",-147.132318849569,71.1925958375831,235.670441874771,-2.06668006860198,0.0398568950654865
"aaCol-0","Cd1","F4","fruit",80.7893835304004,63.883889047624,248.999999998296,1.26462844912547,0.207186915574073
"Abd-0","Cd1","F4","fruit",-52.7713474271299,73.7842393300949,248.999999995849,-0.715211648263285,0.475148338843605
"Ang-1","Cd1","F4","fruit",-76.2241210714235,57.3264067899474,248.999999997519,-1.32965112135355,0.184850046345614
"Dja-1","Cd1","F4","fruit",78.6549811568528,57.6677645942514,248.999999996676,1.36393324260559,0.173820227647563
"Fei-0","Cd1","F4","fruit",118.31639396037,57.7905826300567,248.999999996423,2.04733000734335,0.0416752392298799
"Ler-0","Cd1","F4","fruit",55.5365096654393,61.8305993434272,248.999999997352,0.898204291324615,0.36994434166783
"Sap-0","Cd1","F4","fruit",-79.5793194480506,57.8854045384723,248.999999996292,-1.3747734870741,0.170437536578212
"Tol-0","Cd1","F4","fruit",-36.2115095945149,58.0816577083511,248.999999997938,-0.623458610226759,0.533553864337774
"TRE-1","Cd1","F4","fruit",-163.456215909678,57.5254547922581,248.999999997066,-2.84145890719106,0.00486256810110194
"Tri-1","Cd1","F4","fruit",-60.3700907699913,59.6692181334736,248.999999996336,-1.01174596648727,0.312641652192888
"aaCol-0","Cd2","F4","fruit",77.2877338121518,61.0200096156926,248.999999996834,1.26659655249015,0.20648311030707
"Abd-0","Cd2","F4","fruit",-15.2957207399681,71.2226440339146,248.99999999564,-0.214759237703738,0.830130816360605
"Ang-1","Cd2","F4","fruit",-8.87115349268432,57.2298787508834,248.999999997767,-0.155009126112248,0.876939699449629
"Dja-1","Cd2","F4","fruit",2.76469688134011,57.499987881784,248.999999997551,0.0480816950261648,0.961689677257924
"Fei-0","Cd2","F4","fruit",108.542220196973,57.8266869561153,248.999999995428,1.87702643728052,0.0616837356660898
"Ler-0","Cd2","F4","fruit",-1.63654193468903,64.0639327341458,248.999999997864,-0.0255454491293938,0.979640357656376
"Tol-0","Cd2","F4","fruit",7.7657641080077,58.0852270985647,248.999999996644,0.133696027301916,0.893750938376453
"TRE-1","Cd2","F4","fruit",-147.078436602292,60.8064493151298,248.999999998613,-2.41879666151952,0.0162897592827295
"Tri-1","Cd2","F4","fruit",-48.9533218419005,57.747152350485,248.999999995757,-0.847718369639907,0.39740893926437
"aaCol-0","Drought","F4","fruit",-62.1447856856299,62.1631614431693,248.999999996164,-0.99970439473938,0.318424091475408
"Abd-0","Drought","F4","fruit",-51.9731428926704,70.8292637052726,248.999999998446,-0.73378064621617,0.463772777795214
"Ang-1","Drought","F4","fruit",-35.9225380312032,61.0446648848218,248.99999999614,-0.58846318673354,0.556754830024391
"Dja-1","Drought","F4","fruit",-2.43200090261528,58.0189573314178,248.999999996456,-0.0419173493367543,0.966598177791919
"Fei-0","Drought","F4","fruit",53.1668832338144,58.3299802836739,248.9999999977,0.911484676923428,0.362921626227311
"Ler-0","Drought","F4","fruit",111.177660108668,64.8664726139438,248.999999995418,1.71394644457311,0.0877830044391094
"Sap-0","Drought","F4","fruit",-78.5649056982552,57.8306482468794,248.999999999103,-1.35853406593094,0.175523747872681
"Tol-0","Drought","F4","fruit",-30.686834962716,58.4633828172566,248.999999997918,-0.524889828196157,0.600126794324877
"TRE-1","Drought","F4","fruit",-136.480245746946,60.0505377459917,248.999999997198,-2.27275642933033,0.0238936496551567
"Tri-1","Drought","F4","fruit",40.9721200057499,58.2776190260155,248.999999997275,0.703050685503464,0.482680966445439
"aaCol-0","Salt1","F4","fruit",-39.4780134952481,61.6392253614848,248.999999997419,-0.640469007579643,0.522456676654112
"Abd-0","Salt1","F4","fruit",38.5447420408746,76.9191924569727,248.999999996722,0.501106951459948,0.616738552780198
"Ang-1","Salt1","F4","fruit",-110.7226705234,60.0897701030049,248.999999998294,-1.84262097081751,0.0665731481284458
"Dja-1","Salt1","F4","fruit",132.235729016615,57.3733877779151,248.999999997407,2.30482692652702,0.0219994500090724
"Fei-0","Salt1","F4","fruit",75.5225205228652,58.0537409363438,248.999999996776,1.30090704414167,0.194492844419027
"Ler-0","Salt1","F4","fruit",35.582308438946,62.5694314306241,248.999999997889,0.568685181012058,0.570082348392237
"Sap-0","Salt1","F4","fruit",-26.8191182342862,58.3356963501625,248.999999998129,-0.45973768913811,0.646105662955103
"Tol-0","Salt1","F4","fruit",13.7628134437461,57.8114531881148,248.999999997372,0.2380637864086,0.812027406910039
"TRE-1","Salt1","F4","fruit",-129.048862762815,60.4948943306995,248.999999996293,-2.13321907890871,0.0338847813312553
"Tri-1","Salt1","F4","fruit",-4.81786076905148,57.8592309208966,248.999999997221,-0.0832686624479735,0.93370481921043
"aaCol-0","Salt2","F4","fruit",-26.751830441538,61.1900023797333,248.999999997033,-0.437192832180678,0.662350433218184
"Ang-1","Salt2","F4","fruit",-70.3161804349759,57.9818453462211,248.999999996889,-1.21272753592274,0.226383314149625
"Fei-0","Salt2","F4","fruit",12.5914557851313,57.7991663890459,248.999999996639,0.217848397680657,0.827725652485189
"Sap-0","Salt2","F4","fruit",-77.5553383901478,59.1189448038962,248.999999996469,-1.31185254823825,0.190778067579702
"Tol-0","Salt2","F4","fruit",60.8416164757841,57.8960308403775,248.999999995679,1.05087716018958,0.294333823697344
"TRE-1","Salt2","F4","fruit",-7.17819795384906,58.2000371156872,248.999999995742,-0.123336655947153,0.901940011004109
"Tri-1","Salt2","F4","fruit",4.46069850469766,57.7094851124738,248.999999998085,0.0772957598911844,0.93845033740147
